ISO-10303-21;
HEADER;
/* Generated by software containing ST-Developer
 * from STEP Tools, Inc. (www.steptools.com) 
 */

FILE_DESCRIPTION(
/* description */ ('LIGHT SEPARATOR'),
/* implementation_level */ '2;1');

FILE_NAME(
/* name */ 'LIGHT SEPARATOR VC.stp',
/* time_stamp */ '2026-06-25T18:16:03-04:00',
/* author */ ('arnoldj'),
/* organization */ (''),
/* preprocessor_version */ 'ST-DEVELOPER v20',
/* originating_system */ 'Autodesk Inventor 2025',
/* authorisation */ '');

FILE_SCHEMA (('AUTOMOTIVE_DESIGN { 1 0 10303 214 3 1 1 }'));
ENDSEC;

DATA;
#10=MECHANICAL_DESIGN_GEOMETRIC_PRESENTATION_REPRESENTATION('',(#13),#3169);
#11=SHAPE_REPRESENTATION_RELATIONSHIP('SRR','None',#3180,#12);
#12=ADVANCED_BREP_SHAPE_REPRESENTATION('',(#14),#3168);
#13=STYLED_ITEM('',(#3189),#14);
#14=MANIFOLD_SOLID_BREP('Solid1',#1835);
#15=CONICAL_SURFACE('',#1941,0.125,0.785398163397448);
#16=FACE_BOUND('',#206,.T.);
#17=FACE_BOUND('',#207,.T.);
#18=FACE_BOUND('',#208,.T.);
#19=FACE_BOUND('',#209,.T.);
#20=FACE_BOUND('',#210,.T.);
#21=FACE_BOUND('',#258,.T.);
#22=FACE_BOUND('',#259,.T.);
#23=FACE_BOUND('',#260,.T.);
#24=FACE_BOUND('',#261,.T.);
#25=FACE_BOUND('',#262,.T.);
#26=FACE_BOUND('',#263,.T.);
#27=FACE_BOUND('',#264,.T.);
#28=FACE_BOUND('',#265,.T.);
#29=FACE_BOUND('',#266,.T.);
#30=FACE_BOUND('',#268,.T.);
#31=FACE_BOUND('',#272,.T.);
#32=FACE_BOUND('',#276,.T.);
#33=FACE_BOUND('',#280,.T.);
#34=FACE_BOUND('',#297,.T.);
#35=FACE_BOUND('',#298,.T.);
#36=FACE_BOUND('',#299,.T.);
#37=FACE_BOUND('',#300,.T.);
#38=FACE_BOUND('',#301,.T.);
#39=PLANE('',#1867);
#40=PLANE('',#1871);
#41=PLANE('',#1882);
#42=PLANE('',#1893);
#43=PLANE('',#1904);
#44=PLANE('',#1915);
#45=PLANE('',#1916);
#46=PLANE('',#1932);
#47=PLANE('',#1933);
#48=PLANE('',#1934);
#49=PLANE('',#1937);
#50=PLANE('',#1938);
#51=PLANE('',#1939);
#52=PLANE('',#1940);
#53=PLANE('',#1943);
#54=PLANE('',#1946);
#55=PLANE('',#1947);
#56=PLANE('',#1948);
#57=PLANE('',#1949);
#58=PLANE('',#1950);
#59=PLANE('',#1955);
#60=PLANE('',#1966);
#61=PLANE('',#1977);
#62=PLANE('',#1988);
#63=PLANE('',#1995);
#64=PLANE('',#1996);
#65=PLANE('',#1998);
#66=PLANE('',#2000);
#67=PLANE('',#2002);
#68=PLANE('',#2005);
#69=PLANE('',#2006);
#70=PLANE('',#2009);
#71=PLANE('',#2010);
#72=PLANE('',#2013);
#73=PLANE('',#2014);
#74=PLANE('',#2024);
#75=PLANE('',#2029);
#76=PLANE('',#2034);
#77=PLANE('',#2039);
#78=PLANE('',#2046);
#79=PLANE('',#2049);
#80=PLANE('',#2053);
#81=PLANE('',#2055);
#82=PLANE('',#2059);
#83=PLANE('',#2061);
#84=SPHERICAL_SURFACE('',#1863,0.125);
#85=FACE_OUTER_BOUND('',#182,.T.);
#86=FACE_OUTER_BOUND('',#183,.T.);
#87=FACE_OUTER_BOUND('',#184,.T.);
#88=FACE_OUTER_BOUND('',#185,.T.);
#89=FACE_OUTER_BOUND('',#186,.T.);
#90=FACE_OUTER_BOUND('',#187,.T.);
#91=FACE_OUTER_BOUND('',#188,.T.);
#92=FACE_OUTER_BOUND('',#189,.T.);
#93=FACE_OUTER_BOUND('',#190,.T.);
#94=FACE_OUTER_BOUND('',#191,.T.);
#95=FACE_OUTER_BOUND('',#192,.T.);
#96=FACE_OUTER_BOUND('',#193,.T.);
#97=FACE_OUTER_BOUND('',#194,.T.);
#98=FACE_OUTER_BOUND('',#195,.T.);
#99=FACE_OUTER_BOUND('',#196,.T.);
#100=FACE_OUTER_BOUND('',#197,.T.);
#101=FACE_OUTER_BOUND('',#198,.T.);
#102=FACE_OUTER_BOUND('',#199,.T.);
#103=FACE_OUTER_BOUND('',#200,.T.);
#104=FACE_OUTER_BOUND('',#201,.T.);
#105=FACE_OUTER_BOUND('',#202,.T.);
#106=FACE_OUTER_BOUND('',#203,.T.);
#107=FACE_OUTER_BOUND('',#204,.T.);
#108=FACE_OUTER_BOUND('',#205,.T.);
#109=FACE_OUTER_BOUND('',#211,.T.);
#110=FACE_OUTER_BOUND('',#212,.T.);
#111=FACE_OUTER_BOUND('',#213,.T.);
#112=FACE_OUTER_BOUND('',#214,.T.);
#113=FACE_OUTER_BOUND('',#215,.T.);
#114=FACE_OUTER_BOUND('',#216,.T.);
#115=FACE_OUTER_BOUND('',#217,.T.);
#116=FACE_OUTER_BOUND('',#218,.T.);
#117=FACE_OUTER_BOUND('',#219,.T.);
#118=FACE_OUTER_BOUND('',#220,.T.);
#119=FACE_OUTER_BOUND('',#221,.T.);
#120=FACE_OUTER_BOUND('',#222,.T.);
#121=FACE_OUTER_BOUND('',#223,.T.);
#122=FACE_OUTER_BOUND('',#224,.T.);
#123=FACE_OUTER_BOUND('',#225,.T.);
#124=FACE_OUTER_BOUND('',#226,.T.);
#125=FACE_OUTER_BOUND('',#227,.T.);
#126=FACE_OUTER_BOUND('',#228,.T.);
#127=FACE_OUTER_BOUND('',#229,.T.);
#128=FACE_OUTER_BOUND('',#230,.T.);
#129=FACE_OUTER_BOUND('',#231,.T.);
#130=FACE_OUTER_BOUND('',#232,.T.);
#131=FACE_OUTER_BOUND('',#233,.T.);
#132=FACE_OUTER_BOUND('',#234,.T.);
#133=FACE_OUTER_BOUND('',#235,.T.);
#134=FACE_OUTER_BOUND('',#236,.T.);
#135=FACE_OUTER_BOUND('',#237,.T.);
#136=FACE_OUTER_BOUND('',#238,.T.);
#137=FACE_OUTER_BOUND('',#239,.T.);
#138=FACE_OUTER_BOUND('',#240,.T.);
#139=FACE_OUTER_BOUND('',#241,.T.);
#140=FACE_OUTER_BOUND('',#242,.T.);
#141=FACE_OUTER_BOUND('',#243,.T.);
#142=FACE_OUTER_BOUND('',#244,.T.);
#143=FACE_OUTER_BOUND('',#245,.T.);
#144=FACE_OUTER_BOUND('',#246,.T.);
#145=FACE_OUTER_BOUND('',#247,.T.);
#146=FACE_OUTER_BOUND('',#248,.T.);
#147=FACE_OUTER_BOUND('',#249,.T.);
#148=FACE_OUTER_BOUND('',#250,.T.);
#149=FACE_OUTER_BOUND('',#251,.T.);
#150=FACE_OUTER_BOUND('',#252,.T.);
#151=FACE_OUTER_BOUND('',#253,.T.);
#152=FACE_OUTER_BOUND('',#254,.T.);
#153=FACE_OUTER_BOUND('',#255,.T.);
#154=FACE_OUTER_BOUND('',#256,.T.);
#155=FACE_OUTER_BOUND('',#257,.T.);
#156=FACE_OUTER_BOUND('',#267,.T.);
#157=FACE_OUTER_BOUND('',#269,.T.);
#158=FACE_OUTER_BOUND('',#270,.T.);
#159=FACE_OUTER_BOUND('',#271,.T.);
#160=FACE_OUTER_BOUND('',#273,.T.);
#161=FACE_OUTER_BOUND('',#274,.T.);
#162=FACE_OUTER_BOUND('',#275,.T.);
#163=FACE_OUTER_BOUND('',#277,.T.);
#164=FACE_OUTER_BOUND('',#278,.T.);
#165=FACE_OUTER_BOUND('',#279,.T.);
#166=FACE_OUTER_BOUND('',#281,.T.);
#167=FACE_OUTER_BOUND('',#282,.T.);
#168=FACE_OUTER_BOUND('',#283,.T.);
#169=FACE_OUTER_BOUND('',#284,.T.);
#170=FACE_OUTER_BOUND('',#285,.T.);
#171=FACE_OUTER_BOUND('',#286,.T.);
#172=FACE_OUTER_BOUND('',#287,.T.);
#173=FACE_OUTER_BOUND('',#288,.T.);
#174=FACE_OUTER_BOUND('',#289,.T.);
#175=FACE_OUTER_BOUND('',#290,.T.);
#176=FACE_OUTER_BOUND('',#291,.T.);
#177=FACE_OUTER_BOUND('',#292,.T.);
#178=FACE_OUTER_BOUND('',#293,.T.);
#179=FACE_OUTER_BOUND('',#294,.T.);
#180=FACE_OUTER_BOUND('',#295,.T.);
#181=FACE_OUTER_BOUND('',#296,.T.);
#182=EDGE_LOOP('',(#1160,#1161,#1162,#1163));
#183=EDGE_LOOP('',(#1164,#1165,#1166,#1167));
#184=EDGE_LOOP('',(#1168,#1169,#1170));
#185=EDGE_LOOP('',(#1171,#1172,#1173,#1174));
#186=EDGE_LOOP('',(#1175,#1176,#1177,#1178,#1179,#1180,#1181));
#187=EDGE_LOOP('',(#1182,#1183,#1184,#1185));
#188=EDGE_LOOP('',(#1186,#1187,#1188,#1189));
#189=EDGE_LOOP('',(#1190,#1191,#1192,#1193,#1194,#1195));
#190=EDGE_LOOP('',(#1196,#1197,#1198,#1199));
#191=EDGE_LOOP('',(#1200,#1201,#1202,#1203));
#192=EDGE_LOOP('',(#1204,#1205,#1206,#1207));
#193=EDGE_LOOP('',(#1208,#1209,#1210,#1211,#1212,#1213));
#194=EDGE_LOOP('',(#1214,#1215,#1216,#1217));
#195=EDGE_LOOP('',(#1218,#1219,#1220,#1221));
#196=EDGE_LOOP('',(#1222,#1223,#1224,#1225));
#197=EDGE_LOOP('',(#1226,#1227,#1228,#1229,#1230,#1231));
#198=EDGE_LOOP('',(#1232,#1233,#1234,#1235));
#199=EDGE_LOOP('',(#1236,#1237,#1238,#1239));
#200=EDGE_LOOP('',(#1240,#1241,#1242,#1243));
#201=EDGE_LOOP('',(#1244,#1245,#1246,#1247,#1248,#1249));
#202=EDGE_LOOP('',(#1250,#1251,#1252,#1253));
#203=EDGE_LOOP('',(#1254,#1255,#1256,#1257));
#204=EDGE_LOOP('',(#1258,#1259,#1260,#1261));
#205=EDGE_LOOP('',(#1262,#1263,#1264,#1265,#1266,#1267,#1268,#1269,#1270,
#1271,#1272,#1273,#1274,#1275));
#206=EDGE_LOOP('',(#1276,#1277,#1278,#1279,#1280,#1281,#1282,#1283));
#207=EDGE_LOOP('',(#1284));
#208=EDGE_LOOP('',(#1285));
#209=EDGE_LOOP('',(#1286));
#210=EDGE_LOOP('',(#1287));
#211=EDGE_LOOP('',(#1288,#1289,#1290,#1291));
#212=EDGE_LOOP('',(#1292,#1293,#1294,#1295));
#213=EDGE_LOOP('',(#1296,#1297,#1298,#1299));
#214=EDGE_LOOP('',(#1300,#1301,#1302,#1303));
#215=EDGE_LOOP('',(#1304,#1305,#1306,#1307));
#216=EDGE_LOOP('',(#1308,#1309,#1310,#1311,#1312,#1313));
#217=EDGE_LOOP('',(#1314,#1315,#1316,#1317));
#218=EDGE_LOOP('',(#1318,#1319,#1320,#1321));
#219=EDGE_LOOP('',(#1322,#1323,#1324,#1325));
#220=EDGE_LOOP('',(#1326,#1327,#1328));
#221=EDGE_LOOP('',(#1329,#1330,#1331,#1332,#1333,#1334));
#222=EDGE_LOOP('',(#1335,#1336,#1337,#1338));
#223=EDGE_LOOP('',(#1339,#1340,#1341,#1342,#1343,#1344));
#224=EDGE_LOOP('',(#1345,#1346,#1347,#1348,#1349,#1350));
#225=EDGE_LOOP('',(#1351,#1352,#1353));
#226=EDGE_LOOP('',(#1354,#1355,#1356));
#227=EDGE_LOOP('',(#1357,#1358,#1359,#1360,#1361,#1362,#1363));
#228=EDGE_LOOP('',(#1364,#1365,#1366,#1367,#1368,#1369));
#229=EDGE_LOOP('',(#1370,#1371,#1372,#1373));
#230=EDGE_LOOP('',(#1374,#1375,#1376,#1377));
#231=EDGE_LOOP('',(#1378,#1379,#1380,#1381));
#232=EDGE_LOOP('',(#1382,#1383,#1384,#1385,#1386,#1387));
#233=EDGE_LOOP('',(#1388,#1389,#1390,#1391));
#234=EDGE_LOOP('',(#1392,#1393,#1394,#1395));
#235=EDGE_LOOP('',(#1396,#1397,#1398,#1399));
#236=EDGE_LOOP('',(#1400,#1401,#1402,#1403,#1404,#1405));
#237=EDGE_LOOP('',(#1406,#1407,#1408,#1409));
#238=EDGE_LOOP('',(#1410,#1411,#1412,#1413));
#239=EDGE_LOOP('',(#1414,#1415,#1416,#1417));
#240=EDGE_LOOP('',(#1418,#1419,#1420,#1421,#1422,#1423));
#241=EDGE_LOOP('',(#1424,#1425,#1426,#1427));
#242=EDGE_LOOP('',(#1428,#1429,#1430,#1431));
#243=EDGE_LOOP('',(#1432,#1433,#1434,#1435));
#244=EDGE_LOOP('',(#1436,#1437,#1438,#1439,#1440,#1441));
#245=EDGE_LOOP('',(#1442,#1443,#1444,#1445,#1446,#1447));
#246=EDGE_LOOP('',(#1448,#1449,#1450,#1451,#1452,#1453));
#247=EDGE_LOOP('',(#1454,#1455,#1456,#1457,#1458,#1459));
#248=EDGE_LOOP('',(#1460,#1461,#1462,#1463));
#249=EDGE_LOOP('',(#1464,#1465,#1466,#1467));
#250=EDGE_LOOP('',(#1468,#1469,#1470,#1471));
#251=EDGE_LOOP('',(#1472,#1473,#1474,#1475));
#252=EDGE_LOOP('',(#1476,#1477,#1478,#1479));
#253=EDGE_LOOP('',(#1480,#1481,#1482,#1483));
#254=EDGE_LOOP('',(#1484,#1485,#1486,#1487));
#255=EDGE_LOOP('',(#1488,#1489,#1490,#1491));
#256=EDGE_LOOP('',(#1492,#1493,#1494,#1495));
#257=EDGE_LOOP('',(#1496,#1497,#1498,#1499,#1500,#1501,#1502,#1503,#1504,
#1505,#1506,#1507,#1508,#1509));
#258=EDGE_LOOP('',(#1510));
#259=EDGE_LOOP('',(#1511,#1512,#1513,#1514,#1515,#1516,#1517,#1518));
#260=EDGE_LOOP('',(#1519,#1520,#1521,#1522,#1523,#1524,#1525,#1526));
#261=EDGE_LOOP('',(#1527,#1528,#1529,#1530,#1531,#1532,#1533,#1534));
#262=EDGE_LOOP('',(#1535,#1536,#1537,#1538,#1539,#1540,#1541,#1542));
#263=EDGE_LOOP('',(#1543));
#264=EDGE_LOOP('',(#1544));
#265=EDGE_LOOP('',(#1545));
#266=EDGE_LOOP('',(#1546));
#267=EDGE_LOOP('',(#1547));
#268=EDGE_LOOP('',(#1548));
#269=EDGE_LOOP('',(#1549,#1550,#1551,#1552));
#270=EDGE_LOOP('',(#1553,#1554,#1555,#1556));
#271=EDGE_LOOP('',(#1557));
#272=EDGE_LOOP('',(#1558));
#273=EDGE_LOOP('',(#1559,#1560,#1561,#1562));
#274=EDGE_LOOP('',(#1563,#1564,#1565,#1566));
#275=EDGE_LOOP('',(#1567));
#276=EDGE_LOOP('',(#1568));
#277=EDGE_LOOP('',(#1569,#1570,#1571,#1572));
#278=EDGE_LOOP('',(#1573,#1574,#1575,#1576));
#279=EDGE_LOOP('',(#1577));
#280=EDGE_LOOP('',(#1578));
#281=EDGE_LOOP('',(#1579,#1580,#1581,#1582));
#282=EDGE_LOOP('',(#1583,#1584,#1585,#1586));
#283=EDGE_LOOP('',(#1587,#1588,#1589,#1590));
#284=EDGE_LOOP('',(#1591,#1592,#1593,#1594));
#285=EDGE_LOOP('',(#1595,#1596,#1597,#1598));
#286=EDGE_LOOP('',(#1599,#1600,#1601,#1602));
#287=EDGE_LOOP('',(#1603,#1604,#1605,#1606));
#288=EDGE_LOOP('',(#1607,#1608,#1609,#1610));
#289=EDGE_LOOP('',(#1611,#1612,#1613,#1614));
#290=EDGE_LOOP('',(#1615,#1616,#1617,#1618));
#291=EDGE_LOOP('',(#1619,#1620,#1621,#1622));
#292=EDGE_LOOP('',(#1623,#1624,#1625,#1626));
#293=EDGE_LOOP('',(#1627,#1628,#1629,#1630));
#294=EDGE_LOOP('',(#1631,#1632,#1633,#1634));
#295=EDGE_LOOP('',(#1635,#1636,#1637,#1638));
#296=EDGE_LOOP('',(#1639,#1640,#1641,#1642,#1643,#1644,#1645,#1646));
#297=EDGE_LOOP('',(#1647,#1648,#1649,#1650,#1651,#1652,#1653,#1654,#1655,
#1656));
#298=EDGE_LOOP('',(#1657,#1658,#1659,#1660,#1661,#1662,#1663,#1664,#1665,
#1666));
#299=EDGE_LOOP('',(#1667,#1668,#1669,#1670,#1671,#1672,#1673,#1674,#1675,
#1676));
#300=EDGE_LOOP('',(#1677,#1678,#1679,#1680,#1681,#1682,#1683,#1684,#1685,
#1686));
#301=EDGE_LOOP('',(#1687));
#302=ELLIPSE('',#1859,0.25,0.125);
#303=ELLIPSE('',#1862,0.25,0.125);
#304=LINE('',#2636,#460);
#305=LINE('',#2639,#461);
#306=LINE('',#2644,#462);
#307=LINE('',#2647,#463);
#308=LINE('',#2652,#464);
#309=LINE('',#2655,#465);
#310=LINE('',#2658,#466);
#311=LINE('',#2660,#467);
#312=LINE('',#2662,#468);
#313=LINE('',#2664,#469);
#314=LINE('',#2665,#470);
#315=LINE('',#2671,#471);
#316=LINE('',#2674,#472);
#317=LINE('',#2677,#473);
#318=LINE('',#2679,#474);
#319=LINE('',#2680,#475);
#320=LINE('',#2685,#476);
#321=LINE('',#2689,#477);
#322=LINE('',#2695,#478);
#323=LINE('',#2702,#479);
#324=LINE('',#2705,#480);
#325=LINE('',#2708,#481);
#326=LINE('',#2710,#482);
#327=LINE('',#2711,#483);
#328=LINE('',#2716,#484);
#329=LINE('',#2720,#485);
#330=LINE('',#2726,#486);
#331=LINE('',#2733,#487);
#332=LINE('',#2736,#488);
#333=LINE('',#2739,#489);
#334=LINE('',#2741,#490);
#335=LINE('',#2742,#491);
#336=LINE('',#2747,#492);
#337=LINE('',#2751,#493);
#338=LINE('',#2757,#494);
#339=LINE('',#2764,#495);
#340=LINE('',#2767,#496);
#341=LINE('',#2770,#497);
#342=LINE('',#2772,#498);
#343=LINE('',#2773,#499);
#344=LINE('',#2778,#500);
#345=LINE('',#2782,#501);
#346=LINE('',#2788,#502);
#347=LINE('',#2795,#503);
#348=LINE('',#2798,#504);
#349=LINE('',#2801,#505);
#350=LINE('',#2803,#506);
#351=LINE('',#2804,#507);
#352=LINE('',#2807,#508);
#353=LINE('',#2811,#509);
#354=LINE('',#2815,#510);
#355=LINE('',#2819,#511);
#356=LINE('',#2823,#512);
#357=LINE('',#2827,#513);
#358=LINE('',#2833,#514);
#359=LINE('',#2835,#515);
#360=LINE('',#2837,#516);
#361=LINE('',#2841,#517);
#362=LINE('',#2844,#518);
#363=LINE('',#2857,#519);
#364=LINE('',#2858,#520);
#365=LINE('',#2861,#521);
#366=LINE('',#2862,#522);
#367=LINE('',#2865,#523);
#368=LINE('',#2866,#524);
#369=LINE('',#2869,#525);
#370=LINE('',#2870,#526);
#371=LINE('',#2875,#527);
#372=LINE('',#2876,#528);
#373=LINE('',#2877,#529);
#374=LINE('',#2880,#530);
#375=LINE('',#2881,#531);
#376=LINE('',#2885,#532);
#377=LINE('',#2887,#533);
#378=LINE('',#2889,#534);
#379=LINE('',#2890,#535);
#380=LINE('',#2894,#536);
#381=LINE('',#2896,#537);
#382=LINE('',#2897,#538);
#383=LINE('',#2898,#539);
#384=LINE('',#2902,#540);
#385=LINE('',#2904,#541);
#386=LINE('',#2906,#542);
#387=LINE('',#2907,#543);
#388=LINE('',#2910,#544);
#389=LINE('',#2913,#545);
#390=LINE('',#2915,#546);
#391=LINE('',#2916,#547);
#392=LINE('',#2918,#548);
#393=LINE('',#2922,#549);
#394=LINE('',#2923,#550);
#395=LINE('',#2928,#551);
#396=LINE('',#2933,#552);
#397=LINE('',#2935,#553);
#398=LINE('',#2936,#554);
#399=LINE('',#2941,#555);
#400=LINE('',#2950,#556);
#401=LINE('',#2954,#557);
#402=LINE('',#2958,#558);
#403=LINE('',#2960,#559);
#404=LINE('',#2961,#560);
#405=LINE('',#2966,#561);
#406=LINE('',#2975,#562);
#407=LINE('',#2979,#563);
#408=LINE('',#2983,#564);
#409=LINE('',#2985,#565);
#410=LINE('',#2986,#566);
#411=LINE('',#2991,#567);
#412=LINE('',#3000,#568);
#413=LINE('',#3004,#569);
#414=LINE('',#3008,#570);
#415=LINE('',#3010,#571);
#416=LINE('',#3011,#572);
#417=LINE('',#3016,#573);
#418=LINE('',#3024,#574);
#419=LINE('',#3027,#575);
#420=LINE('',#3030,#576);
#421=LINE('',#3033,#577);
#422=LINE('',#3036,#578);
#423=LINE('',#3039,#579);
#424=LINE('',#3042,#580);
#425=LINE('',#3043,#581);
#426=LINE('',#3046,#582);
#427=LINE('',#3049,#583);
#428=LINE('',#3052,#584);
#429=LINE('',#3053,#585);
#430=LINE('',#3056,#586);
#431=LINE('',#3059,#587);
#432=LINE('',#3062,#588);
#433=LINE('',#3063,#589);
#434=LINE('',#3066,#590);
#435=LINE('',#3069,#591);
#436=LINE('',#3074,#592);
#437=LINE('',#3078,#593);
#438=LINE('',#3082,#594);
#439=LINE('',#3100,#595);
#440=LINE('',#3102,#596);
#441=LINE('',#3109,#597);
#442=LINE('',#3111,#598);
#443=LINE('',#3118,#599);
#444=LINE('',#3120,#600);
#445=LINE('',#3127,#601);
#446=LINE('',#3129,#602);
#447=LINE('',#3132,#603);
#448=LINE('',#3136,#604);
#449=LINE('',#3137,#605);
#450=LINE('',#3140,#606);
#451=LINE('',#3144,#607);
#452=LINE('',#3145,#608);
#453=LINE('',#3149,#609);
#454=LINE('',#3151,#610);
#455=LINE('',#3153,#611);
#456=LINE('',#3155,#612);
#457=LINE('',#3159,#613);
#458=LINE('',#3161,#614);
#459=LINE('',#3163,#615);
#460=VECTOR('',#2068,0.393700787401575);
#461=VECTOR('',#2071,0.393700787401575);
#462=VECTOR('',#2076,0.393700787401575);
#463=VECTOR('',#2079,0.393700787401575);
#464=VECTOR('',#2086,0.393700787401575);
#465=VECTOR('',#2089,0.393700787401575);
#466=VECTOR('',#2092,0.393700787401575);
#467=VECTOR('',#2093,0.393700787401575);
#468=VECTOR('',#2094,0.393700787401575);
#469=VECTOR('',#2095,0.393700787401575);
#470=VECTOR('',#2096,0.393700787401575);
#471=VECTOR('',#2101,0.393700787401575);
#472=VECTOR('',#2104,0.393700787401575);
#473=VECTOR('',#2107,0.393700787401575);
#474=VECTOR('',#2108,0.393700787401575);
#475=VECTOR('',#2109,0.393700787401575);
#476=VECTOR('',#2114,0.393700787401575);
#477=VECTOR('',#2117,0.393700787401575);
#478=VECTOR('',#2124,0.393700787401575);
#479=VECTOR('',#2131,0.393700787401575);
#480=VECTOR('',#2134,0.393700787401575);
#481=VECTOR('',#2137,0.393700787401575);
#482=VECTOR('',#2138,0.393700787401575);
#483=VECTOR('',#2139,0.393700787401575);
#484=VECTOR('',#2144,0.393700787401575);
#485=VECTOR('',#2147,0.393700787401575);
#486=VECTOR('',#2154,0.393700787401575);
#487=VECTOR('',#2161,0.393700787401575);
#488=VECTOR('',#2164,0.393700787401575);
#489=VECTOR('',#2167,0.393700787401575);
#490=VECTOR('',#2168,0.393700787401575);
#491=VECTOR('',#2169,0.393700787401575);
#492=VECTOR('',#2174,0.393700787401575);
#493=VECTOR('',#2177,0.393700787401575);
#494=VECTOR('',#2184,0.393700787401575);
#495=VECTOR('',#2191,0.393700787401575);
#496=VECTOR('',#2194,0.393700787401575);
#497=VECTOR('',#2197,0.393700787401575);
#498=VECTOR('',#2198,0.393700787401575);
#499=VECTOR('',#2199,0.393700787401575);
#500=VECTOR('',#2204,0.393700787401575);
#501=VECTOR('',#2207,0.393700787401575);
#502=VECTOR('',#2214,0.393700787401575);
#503=VECTOR('',#2221,0.393700787401575);
#504=VECTOR('',#2224,0.393700787401575);
#505=VECTOR('',#2227,0.393700787401575);
#506=VECTOR('',#2228,0.393700787401575);
#507=VECTOR('',#2229,0.393700787401575);
#508=VECTOR('',#2232,0.393700787401575);
#509=VECTOR('',#2235,0.393700787401575);
#510=VECTOR('',#2238,0.393700787401575);
#511=VECTOR('',#2241,0.393700787401575);
#512=VECTOR('',#2244,0.393700787401575);
#513=VECTOR('',#2247,0.393700787401575);
#514=VECTOR('',#2252,0.393700787401575);
#515=VECTOR('',#2253,0.393700787401575);
#516=VECTOR('',#2254,0.393700787401575);
#517=VECTOR('',#2257,0.393700787401575);
#518=VECTOR('',#2260,0.393700787401575);
#519=VECTOR('',#2273,0.393700787401575);
#520=VECTOR('',#2274,0.393700787401575);
#521=VECTOR('',#2277,0.393700787401575);
#522=VECTOR('',#2278,0.393700787401575);
#523=VECTOR('',#2281,0.393700787401575);
#524=VECTOR('',#2282,0.393700787401575);
#525=VECTOR('',#2285,0.393700787401575);
#526=VECTOR('',#2286,0.393700787401575);
#527=VECTOR('',#2293,0.393700787401575);
#528=VECTOR('',#2294,0.393700787401575);
#529=VECTOR('',#2295,0.393700787401575);
#530=VECTOR('',#2298,0.393700787401575);
#531=VECTOR('',#2299,0.393700787401575);
#532=VECTOR('',#2302,0.393700787401575);
#533=VECTOR('',#2303,0.393700787401575);
#534=VECTOR('',#2304,0.393700787401575);
#535=VECTOR('',#2305,0.393700787401575);
#536=VECTOR('',#2308,0.393700787401575);
#537=VECTOR('',#2309,0.393700787401575);
#538=VECTOR('',#2310,0.393700787401575);
#539=VECTOR('',#2311,0.393700787401575);
#540=VECTOR('',#2318,0.393700787401575);
#541=VECTOR('',#2319,0.393700787401575);
#542=VECTOR('',#2320,0.393700787401575);
#543=VECTOR('',#2321,0.393700787401575);
#544=VECTOR('',#2324,0.393700787401575);
#545=VECTOR('',#2329,0.393700787401575);
#546=VECTOR('',#2330,0.393700787401575);
#547=VECTOR('',#2331,0.393700787401575);
#548=VECTOR('',#2334,0.393700787401575);
#549=VECTOR('',#2341,0.393700787401575);
#550=VECTOR('',#2342,0.393700787401575);
#551=VECTOR('',#2347,0.393700787401575);
#552=VECTOR('',#2354,0.393700787401575);
#553=VECTOR('',#2355,0.393700787401575);
#554=VECTOR('',#2356,0.393700787401575);
#555=VECTOR('',#2361,0.393700787401575);
#556=VECTOR('',#2374,0.393700787401575);
#557=VECTOR('',#2377,0.393700787401575);
#558=VECTOR('',#2382,0.393700787401575);
#559=VECTOR('',#2383,0.393700787401575);
#560=VECTOR('',#2384,0.393700787401575);
#561=VECTOR('',#2389,0.393700787401575);
#562=VECTOR('',#2402,0.393700787401575);
#563=VECTOR('',#2405,0.393700787401575);
#564=VECTOR('',#2410,0.393700787401575);
#565=VECTOR('',#2411,0.393700787401575);
#566=VECTOR('',#2412,0.393700787401575);
#567=VECTOR('',#2417,0.393700787401575);
#568=VECTOR('',#2430,0.393700787401575);
#569=VECTOR('',#2433,0.393700787401575);
#570=VECTOR('',#2438,0.393700787401575);
#571=VECTOR('',#2439,0.393700787401575);
#572=VECTOR('',#2440,0.393700787401575);
#573=VECTOR('',#2445,0.393700787401575);
#574=VECTOR('',#2458,0.393700787401575);
#575=VECTOR('',#2461,0.393700787401575);
#576=VECTOR('',#2464,0.393700787401575);
#577=VECTOR('',#2467,0.393700787401575);
#578=VECTOR('',#2470,0.393700787401575);
#579=VECTOR('',#2473,0.393700787401575);
#580=VECTOR('',#2476,0.393700787401575);
#581=VECTOR('',#2477,0.393700787401575);
#582=VECTOR('',#2480,0.393700787401575);
#583=VECTOR('',#2485,0.393700787401575);
#584=VECTOR('',#2488,0.393700787401575);
#585=VECTOR('',#2489,0.393700787401575);
#586=VECTOR('',#2492,0.393700787401575);
#587=VECTOR('',#2497,0.393700787401575);
#588=VECTOR('',#2500,0.393700787401575);
#589=VECTOR('',#2501,0.393700787401575);
#590=VECTOR('',#2504,0.393700787401575);
#591=VECTOR('',#2509,0.393700787401575);
#592=VECTOR('',#2514,0.393700787401575);
#593=VECTOR('',#2517,0.393700787401575);
#594=VECTOR('',#2520,0.393700787401575);
#595=VECTOR('',#2541,0.1565);
#596=VECTOR('',#2544,0.0885);
#597=VECTOR('',#2553,0.1565);
#598=VECTOR('',#2556,0.0885);
#599=VECTOR('',#2565,0.1565);
#600=VECTOR('',#2568,0.0885);
#601=VECTOR('',#2577,0.1565);
#602=VECTOR('',#2580,0.0885);
#603=VECTOR('',#2583,0.393700787401575);
#604=VECTOR('',#2588,0.393700787401575);
#605=VECTOR('',#2589,0.393700787401575);
#606=VECTOR('',#2592,0.393700787401575);
#607=VECTOR('',#2597,0.393700787401575);
#608=VECTOR('',#2598,0.393700787401575);
#609=VECTOR('',#2605,0.393700787401575);
#610=VECTOR('',#2608,0.393700787401575);
#611=VECTOR('',#2611,0.393700787401575);
#612=VECTOR('',#2614,0.393700787401575);
#613=VECTOR('',#2619,0.17);
#614=VECTOR('',#2622,0.393700787401575);
#615=VECTOR('',#2625,0.393700787401575);
#616=CIRCLE('',#1858,0.125);
#617=CIRCLE('',#1861,0.125);
#618=CIRCLE('',#1864,0.125);
#619=CIRCLE('',#1866,0.125);
#620=CIRCLE('',#1869,0.125);
#621=CIRCLE('',#1870,0.125);
#622=CIRCLE('',#1873,0.125);
#623=CIRCLE('',#1874,0.125);
#624=CIRCLE('',#1875,0.125);
#625=CIRCLE('',#1877,2.175);
#626=CIRCLE('',#1878,2.175);
#627=CIRCLE('',#1880,0.125);
#628=CIRCLE('',#1881,0.125);
#629=CIRCLE('',#1884,0.125);
#630=CIRCLE('',#1885,0.125);
#631=CIRCLE('',#1886,0.125);
#632=CIRCLE('',#1888,2.175);
#633=CIRCLE('',#1889,2.175);
#634=CIRCLE('',#1891,0.125);
#635=CIRCLE('',#1892,0.125);
#636=CIRCLE('',#1895,0.125);
#637=CIRCLE('',#1896,0.125);
#638=CIRCLE('',#1897,0.125);
#639=CIRCLE('',#1899,2.175);
#640=CIRCLE('',#1900,2.175);
#641=CIRCLE('',#1902,0.125);
#642=CIRCLE('',#1903,0.125);
#643=CIRCLE('',#1906,0.125);
#644=CIRCLE('',#1907,0.125);
#645=CIRCLE('',#1908,0.125);
#646=CIRCLE('',#1910,2.175);
#647=CIRCLE('',#1911,2.175);
#648=CIRCLE('',#1913,0.125);
#649=CIRCLE('',#1914,0.125);
#650=CIRCLE('',#1917,0.3);
#651=CIRCLE('',#1918,0.125);
#652=CIRCLE('',#1919,0.249999999999999);
#653=CIRCLE('',#1920,0.249999999999999);
#654=CIRCLE('',#1921,0.249999999999999);
#655=CIRCLE('',#1922,0.249999999999999);
#656=CIRCLE('',#1923,0.125);
#657=CIRCLE('',#1924,0.125);
#658=CIRCLE('',#1925,0.125);
#659=CIRCLE('',#1926,0.1565);
#660=CIRCLE('',#1927,0.1565);
#661=CIRCLE('',#1928,0.1565);
#662=CIRCLE('',#1929,0.1565);
#663=CIRCLE('',#1931,0.125);
#664=CIRCLE('',#1936,0.3);
#665=CIRCLE('',#1942,0.125);
#666=CIRCLE('',#1945,0.125);
#667=CIRCLE('',#1952,0.125);
#668=CIRCLE('',#1953,0.125);
#669=CIRCLE('',#1954,0.125);
#670=CIRCLE('',#1957,0.125);
#671=CIRCLE('',#1958,0.125);
#672=CIRCLE('',#1960,0.208);
#673=CIRCLE('',#1961,0.208);
#674=CIRCLE('',#1963,0.125);
#675=CIRCLE('',#1964,0.125);
#676=CIRCLE('',#1965,0.125);
#677=CIRCLE('',#1968,0.125);
#678=CIRCLE('',#1969,0.125);
#679=CIRCLE('',#1971,0.208);
#680=CIRCLE('',#1972,0.208);
#681=CIRCLE('',#1974,0.125);
#682=CIRCLE('',#1975,0.125);
#683=CIRCLE('',#1976,0.125);
#684=CIRCLE('',#1979,0.125);
#685=CIRCLE('',#1980,0.125);
#686=CIRCLE('',#1982,0.208);
#687=CIRCLE('',#1983,0.208);
#688=CIRCLE('',#1985,0.125);
#689=CIRCLE('',#1986,0.125);
#690=CIRCLE('',#1987,0.125);
#691=CIRCLE('',#1990,0.125);
#692=CIRCLE('',#1991,0.125);
#693=CIRCLE('',#1993,0.208);
#694=CIRCLE('',#1994,0.208);
#695=CIRCLE('',#1997,0.125);
#696=CIRCLE('',#1999,0.125);
#697=CIRCLE('',#2001,0.125);
#698=CIRCLE('',#2004,0.125);
#699=CIRCLE('',#2008,0.125);
#700=CIRCLE('',#2012,0.125);
#701=CIRCLE('',#2015,0.249999999999999);
#702=CIRCLE('',#2016,0.249999999999999);
#703=CIRCLE('',#2017,0.249999999999999);
#704=CIRCLE('',#2018,0.249999999999999);
#705=CIRCLE('',#2019,0.17);
#706=CIRCLE('',#2020,0.0885);
#707=CIRCLE('',#2021,0.0885);
#708=CIRCLE('',#2022,0.0885);
#709=CIRCLE('',#2023,0.0885);
#710=CIRCLE('',#2025,0.1565);
#711=CIRCLE('',#2026,0.0885);
#712=CIRCLE('',#2030,0.1565);
#713=CIRCLE('',#2031,0.0885);
#714=CIRCLE('',#2035,0.1565);
#715=CIRCLE('',#2036,0.0885);
#716=CIRCLE('',#2040,0.1565);
#717=CIRCLE('',#2041,0.0885);
#718=CIRCLE('',#2045,0.125);
#719=CIRCLE('',#2048,0.125);
#720=CIRCLE('',#2051,0.125);
#721=CIRCLE('',#2057,0.17);
#722=VERTEX_POINT('',#2632);
#723=VERTEX_POINT('',#2633);
#724=VERTEX_POINT('',#2635);
#725=VERTEX_POINT('',#2637);
#726=VERTEX_POINT('',#2641);
#727=VERTEX_POINT('',#2643);
#728=VERTEX_POINT('',#2645);
#729=VERTEX_POINT('',#2651);
#730=VERTEX_POINT('',#2653);
#731=VERTEX_POINT('',#2657);
#732=VERTEX_POINT('',#2659);
#733=VERTEX_POINT('',#2661);
#734=VERTEX_POINT('',#2663);
#735=VERTEX_POINT('',#2667);
#736=VERTEX_POINT('',#2668);
#737=VERTEX_POINT('',#2670);
#738=VERTEX_POINT('',#2672);
#739=VERTEX_POINT('',#2676);
#740=VERTEX_POINT('',#2678);
#741=VERTEX_POINT('',#2682);
#742=VERTEX_POINT('',#2684);
#743=VERTEX_POINT('',#2686);
#744=VERTEX_POINT('',#2688);
#745=VERTEX_POINT('',#2692);
#746=VERTEX_POINT('',#2694);
#747=VERTEX_POINT('',#2698);
#748=VERTEX_POINT('',#2699);
#749=VERTEX_POINT('',#2701);
#750=VERTEX_POINT('',#2703);
#751=VERTEX_POINT('',#2707);
#752=VERTEX_POINT('',#2709);
#753=VERTEX_POINT('',#2713);
#754=VERTEX_POINT('',#2715);
#755=VERTEX_POINT('',#2717);
#756=VERTEX_POINT('',#2719);
#757=VERTEX_POINT('',#2723);
#758=VERTEX_POINT('',#2725);
#759=VERTEX_POINT('',#2729);
#760=VERTEX_POINT('',#2730);
#761=VERTEX_POINT('',#2732);
#762=VERTEX_POINT('',#2734);
#763=VERTEX_POINT('',#2738);
#764=VERTEX_POINT('',#2740);
#765=VERTEX_POINT('',#2744);
#766=VERTEX_POINT('',#2746);
#767=VERTEX_POINT('',#2748);
#768=VERTEX_POINT('',#2750);
#769=VERTEX_POINT('',#2754);
#770=VERTEX_POINT('',#2756);
#771=VERTEX_POINT('',#2760);
#772=VERTEX_POINT('',#2761);
#773=VERTEX_POINT('',#2763);
#774=VERTEX_POINT('',#2765);
#775=VERTEX_POINT('',#2769);
#776=VERTEX_POINT('',#2771);
#777=VERTEX_POINT('',#2775);
#778=VERTEX_POINT('',#2777);
#779=VERTEX_POINT('',#2779);
#780=VERTEX_POINT('',#2781);
#781=VERTEX_POINT('',#2785);
#782=VERTEX_POINT('',#2787);
#783=VERTEX_POINT('',#2791);
#784=VERTEX_POINT('',#2792);
#785=VERTEX_POINT('',#2794);
#786=VERTEX_POINT('',#2796);
#787=VERTEX_POINT('',#2800);
#788=VERTEX_POINT('',#2802);
#789=VERTEX_POINT('',#2806);
#790=VERTEX_POINT('',#2808);
#791=VERTEX_POINT('',#2810);
#792=VERTEX_POINT('',#2812);
#793=VERTEX_POINT('',#2814);
#794=VERTEX_POINT('',#2816);
#795=VERTEX_POINT('',#2818);
#796=VERTEX_POINT('',#2820);
#797=VERTEX_POINT('',#2822);
#798=VERTEX_POINT('',#2824);
#799=VERTEX_POINT('',#2826);
#800=VERTEX_POINT('',#2829);
#801=VERTEX_POINT('',#2830);
#802=VERTEX_POINT('',#2832);
#803=VERTEX_POINT('',#2834);
#804=VERTEX_POINT('',#2836);
#805=VERTEX_POINT('',#2838);
#806=VERTEX_POINT('',#2840);
#807=VERTEX_POINT('',#2842);
#808=VERTEX_POINT('',#2845);
#809=VERTEX_POINT('',#2847);
#810=VERTEX_POINT('',#2849);
#811=VERTEX_POINT('',#2851);
#812=VERTEX_POINT('',#2854);
#813=VERTEX_POINT('',#2855);
#814=VERTEX_POINT('',#2860);
#815=VERTEX_POINT('',#2864);
#816=VERTEX_POINT('',#2868);
#817=VERTEX_POINT('',#2874);
#818=VERTEX_POINT('',#2879);
#819=VERTEX_POINT('',#2883);
#820=VERTEX_POINT('',#2884);
#821=VERTEX_POINT('',#2886);
#822=VERTEX_POINT('',#2888);
#823=VERTEX_POINT('',#2892);
#824=VERTEX_POINT('',#2893);
#825=VERTEX_POINT('',#2895);
#826=VERTEX_POINT('',#2903);
#827=VERTEX_POINT('',#2905);
#828=VERTEX_POINT('',#2909);
#829=VERTEX_POINT('',#2914);
#830=VERTEX_POINT('',#2925);
#831=VERTEX_POINT('',#2927);
#832=VERTEX_POINT('',#2932);
#833=VERTEX_POINT('',#2934);
#834=VERTEX_POINT('',#2938);
#835=VERTEX_POINT('',#2940);
#836=VERTEX_POINT('',#2947);
#837=VERTEX_POINT('',#2949);
#838=VERTEX_POINT('',#2951);
#839=VERTEX_POINT('',#2953);
#840=VERTEX_POINT('',#2957);
#841=VERTEX_POINT('',#2959);
#842=VERTEX_POINT('',#2963);
#843=VERTEX_POINT('',#2965);
#844=VERTEX_POINT('',#2972);
#845=VERTEX_POINT('',#2974);
#846=VERTEX_POINT('',#2976);
#847=VERTEX_POINT('',#2978);
#848=VERTEX_POINT('',#2982);
#849=VERTEX_POINT('',#2984);
#850=VERTEX_POINT('',#2988);
#851=VERTEX_POINT('',#2990);
#852=VERTEX_POINT('',#2997);
#853=VERTEX_POINT('',#2999);
#854=VERTEX_POINT('',#3001);
#855=VERTEX_POINT('',#3003);
#856=VERTEX_POINT('',#3007);
#857=VERTEX_POINT('',#3009);
#858=VERTEX_POINT('',#3013);
#859=VERTEX_POINT('',#3015);
#860=VERTEX_POINT('',#3023);
#861=VERTEX_POINT('',#3025);
#862=VERTEX_POINT('',#3029);
#863=VERTEX_POINT('',#3031);
#864=VERTEX_POINT('',#3035);
#865=VERTEX_POINT('',#3037);
#866=VERTEX_POINT('',#3041);
#867=VERTEX_POINT('',#3045);
#868=VERTEX_POINT('',#3051);
#869=VERTEX_POINT('',#3055);
#870=VERTEX_POINT('',#3061);
#871=VERTEX_POINT('',#3065);
#872=VERTEX_POINT('',#3071);
#873=VERTEX_POINT('',#3073);
#874=VERTEX_POINT('',#3075);
#875=VERTEX_POINT('',#3077);
#876=VERTEX_POINT('',#3079);
#877=VERTEX_POINT('',#3081);
#878=VERTEX_POINT('',#3084);
#879=VERTEX_POINT('',#3086);
#880=VERTEX_POINT('',#3088);
#881=VERTEX_POINT('',#3090);
#882=VERTEX_POINT('',#3092);
#883=VERTEX_POINT('',#3095);
#884=VERTEX_POINT('',#3097);
#885=VERTEX_POINT('',#3104);
#886=VERTEX_POINT('',#3106);
#887=VERTEX_POINT('',#3113);
#888=VERTEX_POINT('',#3115);
#889=VERTEX_POINT('',#3122);
#890=VERTEX_POINT('',#3124);
#891=VERTEX_POINT('',#3131);
#892=VERTEX_POINT('',#3135);
#893=VERTEX_POINT('',#3139);
#894=VERTEX_POINT('',#3143);
#895=VERTEX_POINT('',#3157);
#896=EDGE_CURVE('',#722,#723,#616,.T.);
#897=EDGE_CURVE('',#723,#724,#304,.T.);
#898=EDGE_CURVE('',#724,#725,#302,.T.);
#899=EDGE_CURVE('',#725,#722,#305,.T.);
#900=EDGE_CURVE('',#726,#722,#617,.T.);
#901=EDGE_CURVE('',#722,#727,#306,.T.);
#902=EDGE_CURVE('',#727,#728,#303,.T.);
#903=EDGE_CURVE('',#728,#726,#307,.T.);
#904=EDGE_CURVE('',#726,#723,#618,.T.);
#905=EDGE_CURVE('',#726,#729,#308,.T.);
#906=EDGE_CURVE('',#729,#730,#619,.T.);
#907=EDGE_CURVE('',#730,#723,#309,.T.);
#908=EDGE_CURVE('',#731,#728,#310,.F.);
#909=EDGE_CURVE('',#731,#732,#311,.T.);
#910=EDGE_CURVE('',#732,#733,#312,.T.);
#911=EDGE_CURVE('',#734,#733,#313,.T.);
#912=EDGE_CURVE('',#729,#734,#314,.T.);
#913=EDGE_CURVE('',#735,#736,#620,.T.);
#914=EDGE_CURVE('',#736,#737,#315,.T.);
#915=EDGE_CURVE('',#737,#738,#621,.T.);
#916=EDGE_CURVE('',#738,#735,#316,.T.);
#917=EDGE_CURVE('',#736,#739,#317,.T.);
#918=EDGE_CURVE('',#740,#739,#318,.T.);
#919=EDGE_CURVE('',#737,#740,#319,.T.);
#920=EDGE_CURVE('',#739,#741,#622,.T.);
#921=EDGE_CURVE('',#741,#742,#320,.T.);
#922=EDGE_CURVE('',#742,#743,#623,.T.);
#923=EDGE_CURVE('',#743,#744,#321,.T.);
#924=EDGE_CURVE('',#744,#740,#624,.T.);
#925=EDGE_CURVE('',#741,#745,#625,.T.);
#926=EDGE_CURVE('',#746,#745,#322,.T.);
#927=EDGE_CURVE('',#746,#742,#626,.T.);
#928=EDGE_CURVE('',#747,#748,#627,.T.);
#929=EDGE_CURVE('',#748,#749,#323,.T.);
#930=EDGE_CURVE('',#749,#750,#628,.T.);
#931=EDGE_CURVE('',#750,#747,#324,.T.);
#932=EDGE_CURVE('',#748,#751,#325,.T.);
#933=EDGE_CURVE('',#752,#751,#326,.T.);
#934=EDGE_CURVE('',#749,#752,#327,.T.);
#935=EDGE_CURVE('',#751,#753,#629,.T.);
#936=EDGE_CURVE('',#753,#754,#328,.T.);
#937=EDGE_CURVE('',#754,#755,#630,.T.);
#938=EDGE_CURVE('',#755,#756,#329,.T.);
#939=EDGE_CURVE('',#756,#752,#631,.T.);
#940=EDGE_CURVE('',#753,#757,#632,.T.);
#941=EDGE_CURVE('',#758,#757,#330,.T.);
#942=EDGE_CURVE('',#758,#754,#633,.T.);
#943=EDGE_CURVE('',#759,#760,#634,.T.);
#944=EDGE_CURVE('',#760,#761,#331,.T.);
#945=EDGE_CURVE('',#761,#762,#635,.T.);
#946=EDGE_CURVE('',#762,#759,#332,.T.);
#947=EDGE_CURVE('',#760,#763,#333,.T.);
#948=EDGE_CURVE('',#764,#763,#334,.T.);
#949=EDGE_CURVE('',#761,#764,#335,.T.);
#950=EDGE_CURVE('',#763,#765,#636,.T.);
#951=EDGE_CURVE('',#765,#766,#336,.T.);
#952=EDGE_CURVE('',#766,#767,#637,.T.);
#953=EDGE_CURVE('',#767,#768,#337,.T.);
#954=EDGE_CURVE('',#768,#764,#638,.T.);
#955=EDGE_CURVE('',#765,#769,#639,.T.);
#956=EDGE_CURVE('',#770,#769,#338,.T.);
#957=EDGE_CURVE('',#770,#766,#640,.T.);
#958=EDGE_CURVE('',#771,#772,#641,.T.);
#959=EDGE_CURVE('',#772,#773,#339,.T.);
#960=EDGE_CURVE('',#773,#774,#642,.T.);
#961=EDGE_CURVE('',#774,#771,#340,.T.);
#962=EDGE_CURVE('',#772,#775,#341,.T.);
#963=EDGE_CURVE('',#776,#775,#342,.T.);
#964=EDGE_CURVE('',#773,#776,#343,.T.);
#965=EDGE_CURVE('',#775,#777,#643,.T.);
#966=EDGE_CURVE('',#777,#778,#344,.T.);
#967=EDGE_CURVE('',#778,#779,#644,.T.);
#968=EDGE_CURVE('',#779,#780,#345,.T.);
#969=EDGE_CURVE('',#780,#776,#645,.T.);
#970=EDGE_CURVE('',#777,#781,#646,.T.);
#971=EDGE_CURVE('',#782,#781,#346,.T.);
#972=EDGE_CURVE('',#782,#778,#647,.T.);
#973=EDGE_CURVE('',#783,#784,#648,.T.);
#974=EDGE_CURVE('',#784,#785,#347,.T.);
#975=EDGE_CURVE('',#785,#786,#649,.T.);
#976=EDGE_CURVE('',#786,#783,#348,.T.);
#977=EDGE_CURVE('',#784,#787,#349,.T.);
#978=EDGE_CURVE('',#787,#788,#350,.T.);
#979=EDGE_CURVE('',#788,#785,#351,.T.);
#980=EDGE_CURVE('',#783,#789,#352,.T.);
#981=EDGE_CURVE('',#789,#790,#650,.T.);
#982=EDGE_CURVE('',#790,#791,#353,.T.);
#983=EDGE_CURVE('',#792,#791,#651,.T.);
#984=EDGE_CURVE('',#793,#792,#354,.T.);
#985=EDGE_CURVE('',#794,#793,#652,.T.);
#986=EDGE_CURVE('',#795,#794,#355,.T.);
#987=EDGE_CURVE('',#796,#795,#653,.T.);
#988=EDGE_CURVE('',#797,#796,#356,.T.);
#989=EDGE_CURVE('',#798,#797,#654,.T.);
#990=EDGE_CURVE('',#799,#798,#357,.T.);
#991=EDGE_CURVE('',#787,#799,#655,.T.);
#992=EDGE_CURVE('',#800,#801,#656,.T.);
#993=EDGE_CURVE('',#802,#800,#358,.T.);
#994=EDGE_CURVE('',#802,#803,#359,.T.);
#995=EDGE_CURVE('',#804,#803,#360,.T.);
#996=EDGE_CURVE('',#805,#804,#657,.T.);
#997=EDGE_CURVE('',#806,#805,#361,.T.);
#998=EDGE_CURVE('',#807,#806,#658,.T.);
#999=EDGE_CURVE('',#801,#807,#362,.T.);
#1000=EDGE_CURVE('',#808,#808,#659,.T.);
#1001=EDGE_CURVE('',#809,#809,#660,.T.);
#1002=EDGE_CURVE('',#810,#810,#661,.T.);
#1003=EDGE_CURVE('',#811,#811,#662,.T.);
#1004=EDGE_CURVE('',#812,#813,#663,.T.);
#1005=EDGE_CURVE('',#813,#792,#363,.T.);
#1006=EDGE_CURVE('',#791,#812,#364,.T.);
#1007=EDGE_CURVE('',#813,#814,#365,.T.);
#1008=EDGE_CURVE('',#793,#814,#366,.T.);
#1009=EDGE_CURVE('',#815,#790,#367,.T.);
#1010=EDGE_CURVE('',#812,#815,#368,.T.);
#1011=EDGE_CURVE('',#816,#786,#369,.T.);
#1012=EDGE_CURVE('',#816,#789,#370,.T.);
#1013=EDGE_CURVE('',#815,#816,#664,.T.);
#1014=EDGE_CURVE('',#724,#817,#371,.T.);
#1015=EDGE_CURVE('',#817,#731,#372,.T.);
#1016=EDGE_CURVE('',#727,#725,#373,.T.);
#1017=EDGE_CURVE('',#818,#817,#374,.T.);
#1018=EDGE_CURVE('',#732,#818,#375,.T.);
#1019=EDGE_CURVE('',#819,#820,#376,.F.);
#1020=EDGE_CURVE('',#820,#821,#377,.T.);
#1021=EDGE_CURVE('',#821,#822,#378,.T.);
#1022=EDGE_CURVE('',#822,#819,#379,.T.);
#1023=EDGE_CURVE('',#823,#824,#380,.F.);
#1024=EDGE_CURVE('',#824,#825,#381,.T.);
#1025=EDGE_CURVE('',#825,#821,#382,.T.);
#1026=EDGE_CURVE('',#821,#823,#383,.T.);
#1027=EDGE_CURVE('',#825,#822,#665,.T.);
#1028=EDGE_CURVE('',#803,#819,#384,.T.);
#1029=EDGE_CURVE('',#826,#822,#385,.T.);
#1030=EDGE_CURVE('',#827,#826,#386,.T.);
#1031=EDGE_CURVE('',#827,#804,#387,.T.);
#1032=EDGE_CURVE('',#828,#825,#388,.T.);
#1033=EDGE_CURVE('',#826,#828,#666,.T.);
#1034=EDGE_CURVE('',#824,#802,#389,.T.);
#1035=EDGE_CURVE('',#829,#800,#390,.T.);
#1036=EDGE_CURVE('',#828,#829,#391,.T.);
#1037=EDGE_CURVE('',#823,#820,#392,.T.);
#1038=EDGE_CURVE('',#744,#730,#393,.T.);
#1039=EDGE_CURVE('',#743,#818,#394,.T.);
#1040=EDGE_CURVE('',#745,#830,#667,.T.);
#1041=EDGE_CURVE('',#830,#831,#395,.T.);
#1042=EDGE_CURVE('',#831,#734,#668,.T.);
#1043=EDGE_CURVE('',#733,#746,#669,.T.);
#1044=EDGE_CURVE('',#830,#832,#396,.T.);
#1045=EDGE_CURVE('',#833,#832,#397,.T.);
#1046=EDGE_CURVE('',#831,#833,#398,.T.);
#1047=EDGE_CURVE('',#832,#834,#670,.T.);
#1048=EDGE_CURVE('',#834,#835,#399,.T.);
#1049=EDGE_CURVE('',#835,#833,#671,.T.);
#1050=EDGE_CURVE('',#834,#735,#672,.T.);
#1051=EDGE_CURVE('',#835,#738,#673,.T.);
#1052=EDGE_CURVE('',#757,#836,#674,.T.);
#1053=EDGE_CURVE('',#836,#837,#400,.T.);
#1054=EDGE_CURVE('',#837,#838,#675,.T.);
#1055=EDGE_CURVE('',#838,#839,#401,.T.);
#1056=EDGE_CURVE('',#839,#758,#676,.T.);
#1057=EDGE_CURVE('',#836,#840,#402,.T.);
#1058=EDGE_CURVE('',#841,#840,#403,.T.);
#1059=EDGE_CURVE('',#837,#841,#404,.T.);
#1060=EDGE_CURVE('',#840,#842,#677,.T.);
#1061=EDGE_CURVE('',#842,#843,#405,.T.);
#1062=EDGE_CURVE('',#843,#841,#678,.T.);
#1063=EDGE_CURVE('',#842,#747,#679,.T.);
#1064=EDGE_CURVE('',#843,#750,#680,.T.);
#1065=EDGE_CURVE('',#769,#844,#681,.T.);
#1066=EDGE_CURVE('',#844,#845,#406,.T.);
#1067=EDGE_CURVE('',#845,#846,#682,.T.);
#1068=EDGE_CURVE('',#846,#847,#407,.T.);
#1069=EDGE_CURVE('',#847,#770,#683,.T.);
#1070=EDGE_CURVE('',#844,#848,#408,.T.);
#1071=EDGE_CURVE('',#849,#848,#409,.T.);
#1072=EDGE_CURVE('',#845,#849,#410,.T.);
#1073=EDGE_CURVE('',#848,#850,#684,.T.);
#1074=EDGE_CURVE('',#850,#851,#411,.T.);
#1075=EDGE_CURVE('',#851,#849,#685,.T.);
#1076=EDGE_CURVE('',#850,#759,#686,.T.);
#1077=EDGE_CURVE('',#851,#762,#687,.T.);
#1078=EDGE_CURVE('',#781,#852,#688,.T.);
#1079=EDGE_CURVE('',#852,#853,#412,.T.);
#1080=EDGE_CURVE('',#853,#854,#689,.T.);
#1081=EDGE_CURVE('',#854,#855,#413,.T.);
#1082=EDGE_CURVE('',#855,#782,#690,.T.);
#1083=EDGE_CURVE('',#852,#856,#414,.T.);
#1084=EDGE_CURVE('',#857,#856,#415,.T.);
#1085=EDGE_CURVE('',#853,#857,#416,.T.);
#1086=EDGE_CURVE('',#856,#858,#691,.T.);
#1087=EDGE_CURVE('',#858,#859,#417,.T.);
#1088=EDGE_CURVE('',#859,#857,#692,.T.);
#1089=EDGE_CURVE('',#858,#771,#693,.T.);
#1090=EDGE_CURVE('',#859,#774,#694,.T.);
#1091=EDGE_CURVE('',#860,#839,#418,.T.);
#1092=EDGE_CURVE('',#861,#860,#695,.T.);
#1093=EDGE_CURVE('',#755,#861,#419,.T.);
#1094=EDGE_CURVE('',#862,#855,#420,.T.);
#1095=EDGE_CURVE('',#863,#862,#696,.T.);
#1096=EDGE_CURVE('',#779,#863,#421,.T.);
#1097=EDGE_CURVE('',#864,#847,#422,.T.);
#1098=EDGE_CURVE('',#865,#864,#697,.T.);
#1099=EDGE_CURVE('',#767,#865,#423,.T.);
#1100=EDGE_CURVE('',#866,#861,#424,.T.);
#1101=EDGE_CURVE('',#756,#866,#425,.T.);
#1102=EDGE_CURVE('',#860,#867,#426,.T.);
#1103=EDGE_CURVE('',#867,#866,#698,.T.);
#1104=EDGE_CURVE('',#867,#838,#427,.T.);
#1105=EDGE_CURVE('',#868,#863,#428,.T.);
#1106=EDGE_CURVE('',#780,#868,#429,.T.);
#1107=EDGE_CURVE('',#862,#869,#430,.T.);
#1108=EDGE_CURVE('',#869,#868,#699,.T.);
#1109=EDGE_CURVE('',#869,#854,#431,.T.);
#1110=EDGE_CURVE('',#870,#865,#432,.T.);
#1111=EDGE_CURVE('',#768,#870,#433,.T.);
#1112=EDGE_CURVE('',#864,#871,#434,.T.);
#1113=EDGE_CURVE('',#871,#870,#700,.T.);
#1114=EDGE_CURVE('',#871,#846,#435,.T.);
#1115=EDGE_CURVE('',#872,#788,#701,.T.);
#1116=EDGE_CURVE('',#873,#872,#436,.T.);
#1117=EDGE_CURVE('',#874,#873,#702,.T.);
#1118=EDGE_CURVE('',#875,#874,#437,.T.);
#1119=EDGE_CURVE('',#876,#875,#703,.T.);
#1120=EDGE_CURVE('',#877,#876,#438,.T.);
#1121=EDGE_CURVE('',#814,#877,#704,.T.);
#1122=EDGE_CURVE('',#878,#878,#705,.T.);
#1123=EDGE_CURVE('',#879,#879,#706,.T.);
#1124=EDGE_CURVE('',#880,#880,#707,.T.);
#1125=EDGE_CURVE('',#881,#881,#708,.T.);
#1126=EDGE_CURVE('',#882,#882,#709,.T.);
#1127=EDGE_CURVE('',#883,#883,#710,.T.);
#1128=EDGE_CURVE('',#884,#884,#711,.T.);
#1129=EDGE_CURVE('',#811,#883,#439,.T.);
#1130=EDGE_CURVE('',#884,#882,#440,.T.);
#1131=EDGE_CURVE('',#885,#885,#712,.T.);
#1132=EDGE_CURVE('',#886,#886,#713,.T.);
#1133=EDGE_CURVE('',#810,#885,#441,.T.);
#1134=EDGE_CURVE('',#886,#881,#442,.T.);
#1135=EDGE_CURVE('',#887,#887,#714,.T.);
#1136=EDGE_CURVE('',#888,#888,#715,.T.);
#1137=EDGE_CURVE('',#809,#887,#443,.T.);
#1138=EDGE_CURVE('',#888,#880,#444,.T.);
#1139=EDGE_CURVE('',#889,#889,#716,.T.);
#1140=EDGE_CURVE('',#890,#890,#717,.T.);
#1141=EDGE_CURVE('',#808,#889,#445,.T.);
#1142=EDGE_CURVE('',#890,#879,#446,.T.);
#1143=EDGE_CURVE('',#891,#801,#447,.T.);
#1144=EDGE_CURVE('',#829,#891,#718,.T.);
#1145=EDGE_CURVE('',#892,#807,#448,.T.);
#1146=EDGE_CURVE('',#891,#892,#449,.T.);
#1147=EDGE_CURVE('',#893,#806,#450,.T.);
#1148=EDGE_CURVE('',#892,#893,#719,.T.);
#1149=EDGE_CURVE('',#894,#805,#451,.T.);
#1150=EDGE_CURVE('',#893,#894,#452,.T.);
#1151=EDGE_CURVE('',#894,#827,#720,.T.);
#1152=EDGE_CURVE('',#799,#872,#453,.T.);
#1153=EDGE_CURVE('',#798,#873,#454,.T.);
#1154=EDGE_CURVE('',#797,#874,#455,.T.);
#1155=EDGE_CURVE('',#796,#875,#456,.T.);
#1156=EDGE_CURVE('',#895,#895,#721,.T.);
#1157=EDGE_CURVE('',#895,#878,#457,.T.);
#1158=EDGE_CURVE('',#794,#877,#458,.T.);
#1159=EDGE_CURVE('',#795,#876,#459,.T.);
#1160=ORIENTED_EDGE('',*,*,#896,.T.);
#1161=ORIENTED_EDGE('',*,*,#897,.T.);
#1162=ORIENTED_EDGE('',*,*,#898,.T.);
#1163=ORIENTED_EDGE('',*,*,#899,.T.);
#1164=ORIENTED_EDGE('',*,*,#900,.T.);
#1165=ORIENTED_EDGE('',*,*,#901,.T.);
#1166=ORIENTED_EDGE('',*,*,#902,.T.);
#1167=ORIENTED_EDGE('',*,*,#903,.T.);
#1168=ORIENTED_EDGE('',*,*,#900,.F.);
#1169=ORIENTED_EDGE('',*,*,#904,.T.);
#1170=ORIENTED_EDGE('',*,*,#896,.F.);
#1171=ORIENTED_EDGE('',*,*,#904,.F.);
#1172=ORIENTED_EDGE('',*,*,#905,.T.);
#1173=ORIENTED_EDGE('',*,*,#906,.T.);
#1174=ORIENTED_EDGE('',*,*,#907,.T.);
#1175=ORIENTED_EDGE('',*,*,#903,.F.);
#1176=ORIENTED_EDGE('',*,*,#908,.F.);
#1177=ORIENTED_EDGE('',*,*,#909,.T.);
#1178=ORIENTED_EDGE('',*,*,#910,.T.);
#1179=ORIENTED_EDGE('',*,*,#911,.F.);
#1180=ORIENTED_EDGE('',*,*,#912,.F.);
#1181=ORIENTED_EDGE('',*,*,#905,.F.);
#1182=ORIENTED_EDGE('',*,*,#913,.T.);
#1183=ORIENTED_EDGE('',*,*,#914,.T.);
#1184=ORIENTED_EDGE('',*,*,#915,.T.);
#1185=ORIENTED_EDGE('',*,*,#916,.T.);
#1186=ORIENTED_EDGE('',*,*,#917,.T.);
#1187=ORIENTED_EDGE('',*,*,#918,.F.);
#1188=ORIENTED_EDGE('',*,*,#919,.F.);
#1189=ORIENTED_EDGE('',*,*,#914,.F.);
#1190=ORIENTED_EDGE('',*,*,#920,.T.);
#1191=ORIENTED_EDGE('',*,*,#921,.T.);
#1192=ORIENTED_EDGE('',*,*,#922,.T.);
#1193=ORIENTED_EDGE('',*,*,#923,.T.);
#1194=ORIENTED_EDGE('',*,*,#924,.T.);
#1195=ORIENTED_EDGE('',*,*,#918,.T.);
#1196=ORIENTED_EDGE('',*,*,#925,.T.);
#1197=ORIENTED_EDGE('',*,*,#926,.F.);
#1198=ORIENTED_EDGE('',*,*,#927,.T.);
#1199=ORIENTED_EDGE('',*,*,#921,.F.);
#1200=ORIENTED_EDGE('',*,*,#928,.T.);
#1201=ORIENTED_EDGE('',*,*,#929,.T.);
#1202=ORIENTED_EDGE('',*,*,#930,.T.);
#1203=ORIENTED_EDGE('',*,*,#931,.T.);
#1204=ORIENTED_EDGE('',*,*,#932,.T.);
#1205=ORIENTED_EDGE('',*,*,#933,.F.);
#1206=ORIENTED_EDGE('',*,*,#934,.F.);
#1207=ORIENTED_EDGE('',*,*,#929,.F.);
#1208=ORIENTED_EDGE('',*,*,#935,.T.);
#1209=ORIENTED_EDGE('',*,*,#936,.T.);
#1210=ORIENTED_EDGE('',*,*,#937,.T.);
#1211=ORIENTED_EDGE('',*,*,#938,.T.);
#1212=ORIENTED_EDGE('',*,*,#939,.T.);
#1213=ORIENTED_EDGE('',*,*,#933,.T.);
#1214=ORIENTED_EDGE('',*,*,#940,.T.);
#1215=ORIENTED_EDGE('',*,*,#941,.F.);
#1216=ORIENTED_EDGE('',*,*,#942,.T.);
#1217=ORIENTED_EDGE('',*,*,#936,.F.);
#1218=ORIENTED_EDGE('',*,*,#943,.T.);
#1219=ORIENTED_EDGE('',*,*,#944,.T.);
#1220=ORIENTED_EDGE('',*,*,#945,.T.);
#1221=ORIENTED_EDGE('',*,*,#946,.T.);
#1222=ORIENTED_EDGE('',*,*,#947,.T.);
#1223=ORIENTED_EDGE('',*,*,#948,.F.);
#1224=ORIENTED_EDGE('',*,*,#949,.F.);
#1225=ORIENTED_EDGE('',*,*,#944,.F.);
#1226=ORIENTED_EDGE('',*,*,#950,.T.);
#1227=ORIENTED_EDGE('',*,*,#951,.T.);
#1228=ORIENTED_EDGE('',*,*,#952,.T.);
#1229=ORIENTED_EDGE('',*,*,#953,.T.);
#1230=ORIENTED_EDGE('',*,*,#954,.T.);
#1231=ORIENTED_EDGE('',*,*,#948,.T.);
#1232=ORIENTED_EDGE('',*,*,#955,.T.);
#1233=ORIENTED_EDGE('',*,*,#956,.F.);
#1234=ORIENTED_EDGE('',*,*,#957,.T.);
#1235=ORIENTED_EDGE('',*,*,#951,.F.);
#1236=ORIENTED_EDGE('',*,*,#958,.T.);
#1237=ORIENTED_EDGE('',*,*,#959,.T.);
#1238=ORIENTED_EDGE('',*,*,#960,.T.);
#1239=ORIENTED_EDGE('',*,*,#961,.T.);
#1240=ORIENTED_EDGE('',*,*,#962,.T.);
#1241=ORIENTED_EDGE('',*,*,#963,.F.);
#1242=ORIENTED_EDGE('',*,*,#964,.F.);
#1243=ORIENTED_EDGE('',*,*,#959,.F.);
#1244=ORIENTED_EDGE('',*,*,#965,.T.);
#1245=ORIENTED_EDGE('',*,*,#966,.T.);
#1246=ORIENTED_EDGE('',*,*,#967,.T.);
#1247=ORIENTED_EDGE('',*,*,#968,.T.);
#1248=ORIENTED_EDGE('',*,*,#969,.T.);
#1249=ORIENTED_EDGE('',*,*,#963,.T.);
#1250=ORIENTED_EDGE('',*,*,#970,.T.);
#1251=ORIENTED_EDGE('',*,*,#971,.F.);
#1252=ORIENTED_EDGE('',*,*,#972,.T.);
#1253=ORIENTED_EDGE('',*,*,#966,.F.);
#1254=ORIENTED_EDGE('',*,*,#973,.T.);
#1255=ORIENTED_EDGE('',*,*,#974,.T.);
#1256=ORIENTED_EDGE('',*,*,#975,.T.);
#1257=ORIENTED_EDGE('',*,*,#976,.T.);
#1258=ORIENTED_EDGE('',*,*,#974,.F.);
#1259=ORIENTED_EDGE('',*,*,#977,.T.);
#1260=ORIENTED_EDGE('',*,*,#978,.T.);
#1261=ORIENTED_EDGE('',*,*,#979,.T.);
#1262=ORIENTED_EDGE('',*,*,#973,.F.);
#1263=ORIENTED_EDGE('',*,*,#980,.T.);
#1264=ORIENTED_EDGE('',*,*,#981,.T.);
#1265=ORIENTED_EDGE('',*,*,#982,.T.);
#1266=ORIENTED_EDGE('',*,*,#983,.F.);
#1267=ORIENTED_EDGE('',*,*,#984,.F.);
#1268=ORIENTED_EDGE('',*,*,#985,.F.);
#1269=ORIENTED_EDGE('',*,*,#986,.F.);
#1270=ORIENTED_EDGE('',*,*,#987,.F.);
#1271=ORIENTED_EDGE('',*,*,#988,.F.);
#1272=ORIENTED_EDGE('',*,*,#989,.F.);
#1273=ORIENTED_EDGE('',*,*,#990,.F.);
#1274=ORIENTED_EDGE('',*,*,#991,.F.);
#1275=ORIENTED_EDGE('',*,*,#977,.F.);
#1276=ORIENTED_EDGE('',*,*,#992,.F.);
#1277=ORIENTED_EDGE('',*,*,#993,.F.);
#1278=ORIENTED_EDGE('',*,*,#994,.T.);
#1279=ORIENTED_EDGE('',*,*,#995,.F.);
#1280=ORIENTED_EDGE('',*,*,#996,.F.);
#1281=ORIENTED_EDGE('',*,*,#997,.F.);
#1282=ORIENTED_EDGE('',*,*,#998,.F.);
#1283=ORIENTED_EDGE('',*,*,#999,.F.);
#1284=ORIENTED_EDGE('',*,*,#1000,.T.);
#1285=ORIENTED_EDGE('',*,*,#1001,.T.);
#1286=ORIENTED_EDGE('',*,*,#1002,.T.);
#1287=ORIENTED_EDGE('',*,*,#1003,.T.);
#1288=ORIENTED_EDGE('',*,*,#1004,.T.);
#1289=ORIENTED_EDGE('',*,*,#1005,.T.);
#1290=ORIENTED_EDGE('',*,*,#983,.T.);
#1291=ORIENTED_EDGE('',*,*,#1006,.T.);
#1292=ORIENTED_EDGE('',*,*,#1005,.F.);
#1293=ORIENTED_EDGE('',*,*,#1007,.T.);
#1294=ORIENTED_EDGE('',*,*,#1008,.F.);
#1295=ORIENTED_EDGE('',*,*,#984,.T.);
#1296=ORIENTED_EDGE('',*,*,#1006,.F.);
#1297=ORIENTED_EDGE('',*,*,#982,.F.);
#1298=ORIENTED_EDGE('',*,*,#1009,.F.);
#1299=ORIENTED_EDGE('',*,*,#1010,.F.);
#1300=ORIENTED_EDGE('',*,*,#976,.F.);
#1301=ORIENTED_EDGE('',*,*,#1011,.F.);
#1302=ORIENTED_EDGE('',*,*,#1012,.T.);
#1303=ORIENTED_EDGE('',*,*,#980,.F.);
#1304=ORIENTED_EDGE('',*,*,#981,.F.);
#1305=ORIENTED_EDGE('',*,*,#1012,.F.);
#1306=ORIENTED_EDGE('',*,*,#1013,.F.);
#1307=ORIENTED_EDGE('',*,*,#1009,.T.);
#1308=ORIENTED_EDGE('',*,*,#1014,.T.);
#1309=ORIENTED_EDGE('',*,*,#1015,.T.);
#1310=ORIENTED_EDGE('',*,*,#908,.T.);
#1311=ORIENTED_EDGE('',*,*,#902,.F.);
#1312=ORIENTED_EDGE('',*,*,#1016,.T.);
#1313=ORIENTED_EDGE('',*,*,#898,.F.);
#1314=ORIENTED_EDGE('',*,*,#1015,.F.);
#1315=ORIENTED_EDGE('',*,*,#1017,.F.);
#1316=ORIENTED_EDGE('',*,*,#1018,.F.);
#1317=ORIENTED_EDGE('',*,*,#909,.F.);
#1318=ORIENTED_EDGE('',*,*,#1019,.T.);
#1319=ORIENTED_EDGE('',*,*,#1020,.T.);
#1320=ORIENTED_EDGE('',*,*,#1021,.T.);
#1321=ORIENTED_EDGE('',*,*,#1022,.T.);
#1322=ORIENTED_EDGE('',*,*,#1023,.T.);
#1323=ORIENTED_EDGE('',*,*,#1024,.T.);
#1324=ORIENTED_EDGE('',*,*,#1025,.T.);
#1325=ORIENTED_EDGE('',*,*,#1026,.T.);
#1326=ORIENTED_EDGE('',*,*,#1025,.F.);
#1327=ORIENTED_EDGE('',*,*,#1027,.T.);
#1328=ORIENTED_EDGE('',*,*,#1021,.F.);
#1329=ORIENTED_EDGE('',*,*,#1028,.T.);
#1330=ORIENTED_EDGE('',*,*,#1022,.F.);
#1331=ORIENTED_EDGE('',*,*,#1029,.F.);
#1332=ORIENTED_EDGE('',*,*,#1030,.F.);
#1333=ORIENTED_EDGE('',*,*,#1031,.T.);
#1334=ORIENTED_EDGE('',*,*,#995,.T.);
#1335=ORIENTED_EDGE('',*,*,#1027,.F.);
#1336=ORIENTED_EDGE('',*,*,#1032,.F.);
#1337=ORIENTED_EDGE('',*,*,#1033,.F.);
#1338=ORIENTED_EDGE('',*,*,#1029,.T.);
#1339=ORIENTED_EDGE('',*,*,#1024,.F.);
#1340=ORIENTED_EDGE('',*,*,#1034,.T.);
#1341=ORIENTED_EDGE('',*,*,#993,.T.);
#1342=ORIENTED_EDGE('',*,*,#1035,.F.);
#1343=ORIENTED_EDGE('',*,*,#1036,.F.);
#1344=ORIENTED_EDGE('',*,*,#1032,.T.);
#1345=ORIENTED_EDGE('',*,*,#994,.F.);
#1346=ORIENTED_EDGE('',*,*,#1034,.F.);
#1347=ORIENTED_EDGE('',*,*,#1023,.F.);
#1348=ORIENTED_EDGE('',*,*,#1037,.T.);
#1349=ORIENTED_EDGE('',*,*,#1019,.F.);
#1350=ORIENTED_EDGE('',*,*,#1028,.F.);
#1351=ORIENTED_EDGE('',*,*,#1020,.F.);
#1352=ORIENTED_EDGE('',*,*,#1037,.F.);
#1353=ORIENTED_EDGE('',*,*,#1026,.F.);
#1354=ORIENTED_EDGE('',*,*,#899,.F.);
#1355=ORIENTED_EDGE('',*,*,#1016,.F.);
#1356=ORIENTED_EDGE('',*,*,#901,.F.);
#1357=ORIENTED_EDGE('',*,*,#897,.F.);
#1358=ORIENTED_EDGE('',*,*,#907,.F.);
#1359=ORIENTED_EDGE('',*,*,#1038,.F.);
#1360=ORIENTED_EDGE('',*,*,#923,.F.);
#1361=ORIENTED_EDGE('',*,*,#1039,.T.);
#1362=ORIENTED_EDGE('',*,*,#1017,.T.);
#1363=ORIENTED_EDGE('',*,*,#1014,.F.);
#1364=ORIENTED_EDGE('',*,*,#1040,.T.);
#1365=ORIENTED_EDGE('',*,*,#1041,.T.);
#1366=ORIENTED_EDGE('',*,*,#1042,.T.);
#1367=ORIENTED_EDGE('',*,*,#911,.T.);
#1368=ORIENTED_EDGE('',*,*,#1043,.T.);
#1369=ORIENTED_EDGE('',*,*,#926,.T.);
#1370=ORIENTED_EDGE('',*,*,#1044,.T.);
#1371=ORIENTED_EDGE('',*,*,#1045,.F.);
#1372=ORIENTED_EDGE('',*,*,#1046,.F.);
#1373=ORIENTED_EDGE('',*,*,#1041,.F.);
#1374=ORIENTED_EDGE('',*,*,#1047,.T.);
#1375=ORIENTED_EDGE('',*,*,#1048,.T.);
#1376=ORIENTED_EDGE('',*,*,#1049,.T.);
#1377=ORIENTED_EDGE('',*,*,#1045,.T.);
#1378=ORIENTED_EDGE('',*,*,#1050,.T.);
#1379=ORIENTED_EDGE('',*,*,#916,.F.);
#1380=ORIENTED_EDGE('',*,*,#1051,.F.);
#1381=ORIENTED_EDGE('',*,*,#1048,.F.);
#1382=ORIENTED_EDGE('',*,*,#1052,.T.);
#1383=ORIENTED_EDGE('',*,*,#1053,.T.);
#1384=ORIENTED_EDGE('',*,*,#1054,.T.);
#1385=ORIENTED_EDGE('',*,*,#1055,.T.);
#1386=ORIENTED_EDGE('',*,*,#1056,.T.);
#1387=ORIENTED_EDGE('',*,*,#941,.T.);
#1388=ORIENTED_EDGE('',*,*,#1057,.T.);
#1389=ORIENTED_EDGE('',*,*,#1058,.F.);
#1390=ORIENTED_EDGE('',*,*,#1059,.F.);
#1391=ORIENTED_EDGE('',*,*,#1053,.F.);
#1392=ORIENTED_EDGE('',*,*,#1060,.T.);
#1393=ORIENTED_EDGE('',*,*,#1061,.T.);
#1394=ORIENTED_EDGE('',*,*,#1062,.T.);
#1395=ORIENTED_EDGE('',*,*,#1058,.T.);
#1396=ORIENTED_EDGE('',*,*,#1063,.T.);
#1397=ORIENTED_EDGE('',*,*,#931,.F.);
#1398=ORIENTED_EDGE('',*,*,#1064,.F.);
#1399=ORIENTED_EDGE('',*,*,#1061,.F.);
#1400=ORIENTED_EDGE('',*,*,#1065,.T.);
#1401=ORIENTED_EDGE('',*,*,#1066,.T.);
#1402=ORIENTED_EDGE('',*,*,#1067,.T.);
#1403=ORIENTED_EDGE('',*,*,#1068,.T.);
#1404=ORIENTED_EDGE('',*,*,#1069,.T.);
#1405=ORIENTED_EDGE('',*,*,#956,.T.);
#1406=ORIENTED_EDGE('',*,*,#1070,.T.);
#1407=ORIENTED_EDGE('',*,*,#1071,.F.);
#1408=ORIENTED_EDGE('',*,*,#1072,.F.);
#1409=ORIENTED_EDGE('',*,*,#1066,.F.);
#1410=ORIENTED_EDGE('',*,*,#1073,.T.);
#1411=ORIENTED_EDGE('',*,*,#1074,.T.);
#1412=ORIENTED_EDGE('',*,*,#1075,.T.);
#1413=ORIENTED_EDGE('',*,*,#1071,.T.);
#1414=ORIENTED_EDGE('',*,*,#1076,.T.);
#1415=ORIENTED_EDGE('',*,*,#946,.F.);
#1416=ORIENTED_EDGE('',*,*,#1077,.F.);
#1417=ORIENTED_EDGE('',*,*,#1074,.F.);
#1418=ORIENTED_EDGE('',*,*,#1078,.T.);
#1419=ORIENTED_EDGE('',*,*,#1079,.T.);
#1420=ORIENTED_EDGE('',*,*,#1080,.T.);
#1421=ORIENTED_EDGE('',*,*,#1081,.T.);
#1422=ORIENTED_EDGE('',*,*,#1082,.T.);
#1423=ORIENTED_EDGE('',*,*,#971,.T.);
#1424=ORIENTED_EDGE('',*,*,#1083,.T.);
#1425=ORIENTED_EDGE('',*,*,#1084,.F.);
#1426=ORIENTED_EDGE('',*,*,#1085,.F.);
#1427=ORIENTED_EDGE('',*,*,#1079,.F.);
#1428=ORIENTED_EDGE('',*,*,#1086,.T.);
#1429=ORIENTED_EDGE('',*,*,#1087,.T.);
#1430=ORIENTED_EDGE('',*,*,#1088,.T.);
#1431=ORIENTED_EDGE('',*,*,#1084,.T.);
#1432=ORIENTED_EDGE('',*,*,#1089,.T.);
#1433=ORIENTED_EDGE('',*,*,#961,.F.);
#1434=ORIENTED_EDGE('',*,*,#1090,.F.);
#1435=ORIENTED_EDGE('',*,*,#1087,.F.);
#1436=ORIENTED_EDGE('',*,*,#1018,.T.);
#1437=ORIENTED_EDGE('',*,*,#1039,.F.);
#1438=ORIENTED_EDGE('',*,*,#922,.F.);
#1439=ORIENTED_EDGE('',*,*,#927,.F.);
#1440=ORIENTED_EDGE('',*,*,#1043,.F.);
#1441=ORIENTED_EDGE('',*,*,#910,.F.);
#1442=ORIENTED_EDGE('',*,*,#937,.F.);
#1443=ORIENTED_EDGE('',*,*,#942,.F.);
#1444=ORIENTED_EDGE('',*,*,#1056,.F.);
#1445=ORIENTED_EDGE('',*,*,#1091,.F.);
#1446=ORIENTED_EDGE('',*,*,#1092,.F.);
#1447=ORIENTED_EDGE('',*,*,#1093,.F.);
#1448=ORIENTED_EDGE('',*,*,#967,.F.);
#1449=ORIENTED_EDGE('',*,*,#972,.F.);
#1450=ORIENTED_EDGE('',*,*,#1082,.F.);
#1451=ORIENTED_EDGE('',*,*,#1094,.F.);
#1452=ORIENTED_EDGE('',*,*,#1095,.F.);
#1453=ORIENTED_EDGE('',*,*,#1096,.F.);
#1454=ORIENTED_EDGE('',*,*,#952,.F.);
#1455=ORIENTED_EDGE('',*,*,#957,.F.);
#1456=ORIENTED_EDGE('',*,*,#1069,.F.);
#1457=ORIENTED_EDGE('',*,*,#1097,.F.);
#1458=ORIENTED_EDGE('',*,*,#1098,.F.);
#1459=ORIENTED_EDGE('',*,*,#1099,.F.);
#1460=ORIENTED_EDGE('',*,*,#1093,.T.);
#1461=ORIENTED_EDGE('',*,*,#1100,.F.);
#1462=ORIENTED_EDGE('',*,*,#1101,.F.);
#1463=ORIENTED_EDGE('',*,*,#938,.F.);
#1464=ORIENTED_EDGE('',*,*,#1092,.T.);
#1465=ORIENTED_EDGE('',*,*,#1102,.T.);
#1466=ORIENTED_EDGE('',*,*,#1103,.T.);
#1467=ORIENTED_EDGE('',*,*,#1100,.T.);
#1468=ORIENTED_EDGE('',*,*,#1091,.T.);
#1469=ORIENTED_EDGE('',*,*,#1055,.F.);
#1470=ORIENTED_EDGE('',*,*,#1104,.F.);
#1471=ORIENTED_EDGE('',*,*,#1102,.F.);
#1472=ORIENTED_EDGE('',*,*,#1096,.T.);
#1473=ORIENTED_EDGE('',*,*,#1105,.F.);
#1474=ORIENTED_EDGE('',*,*,#1106,.F.);
#1475=ORIENTED_EDGE('',*,*,#968,.F.);
#1476=ORIENTED_EDGE('',*,*,#1095,.T.);
#1477=ORIENTED_EDGE('',*,*,#1107,.T.);
#1478=ORIENTED_EDGE('',*,*,#1108,.T.);
#1479=ORIENTED_EDGE('',*,*,#1105,.T.);
#1480=ORIENTED_EDGE('',*,*,#1094,.T.);
#1481=ORIENTED_EDGE('',*,*,#1081,.F.);
#1482=ORIENTED_EDGE('',*,*,#1109,.F.);
#1483=ORIENTED_EDGE('',*,*,#1107,.F.);
#1484=ORIENTED_EDGE('',*,*,#1099,.T.);
#1485=ORIENTED_EDGE('',*,*,#1110,.F.);
#1486=ORIENTED_EDGE('',*,*,#1111,.F.);
#1487=ORIENTED_EDGE('',*,*,#953,.F.);
#1488=ORIENTED_EDGE('',*,*,#1098,.T.);
#1489=ORIENTED_EDGE('',*,*,#1112,.T.);
#1490=ORIENTED_EDGE('',*,*,#1113,.T.);
#1491=ORIENTED_EDGE('',*,*,#1110,.T.);
#1492=ORIENTED_EDGE('',*,*,#1097,.T.);
#1493=ORIENTED_EDGE('',*,*,#1068,.F.);
#1494=ORIENTED_EDGE('',*,*,#1114,.F.);
#1495=ORIENTED_EDGE('',*,*,#1112,.F.);
#1496=ORIENTED_EDGE('',*,*,#975,.F.);
#1497=ORIENTED_EDGE('',*,*,#979,.F.);
#1498=ORIENTED_EDGE('',*,*,#1115,.F.);
#1499=ORIENTED_EDGE('',*,*,#1116,.F.);
#1500=ORIENTED_EDGE('',*,*,#1117,.F.);
#1501=ORIENTED_EDGE('',*,*,#1118,.F.);
#1502=ORIENTED_EDGE('',*,*,#1119,.F.);
#1503=ORIENTED_EDGE('',*,*,#1120,.F.);
#1504=ORIENTED_EDGE('',*,*,#1121,.F.);
#1505=ORIENTED_EDGE('',*,*,#1007,.F.);
#1506=ORIENTED_EDGE('',*,*,#1004,.F.);
#1507=ORIENTED_EDGE('',*,*,#1010,.T.);
#1508=ORIENTED_EDGE('',*,*,#1013,.T.);
#1509=ORIENTED_EDGE('',*,*,#1011,.T.);
#1510=ORIENTED_EDGE('',*,*,#1122,.F.);
#1511=ORIENTED_EDGE('',*,*,#1078,.F.);
#1512=ORIENTED_EDGE('',*,*,#970,.F.);
#1513=ORIENTED_EDGE('',*,*,#965,.F.);
#1514=ORIENTED_EDGE('',*,*,#962,.F.);
#1515=ORIENTED_EDGE('',*,*,#958,.F.);
#1516=ORIENTED_EDGE('',*,*,#1089,.F.);
#1517=ORIENTED_EDGE('',*,*,#1086,.F.);
#1518=ORIENTED_EDGE('',*,*,#1083,.F.);
#1519=ORIENTED_EDGE('',*,*,#1065,.F.);
#1520=ORIENTED_EDGE('',*,*,#955,.F.);
#1521=ORIENTED_EDGE('',*,*,#950,.F.);
#1522=ORIENTED_EDGE('',*,*,#947,.F.);
#1523=ORIENTED_EDGE('',*,*,#943,.F.);
#1524=ORIENTED_EDGE('',*,*,#1076,.F.);
#1525=ORIENTED_EDGE('',*,*,#1073,.F.);
#1526=ORIENTED_EDGE('',*,*,#1070,.F.);
#1527=ORIENTED_EDGE('',*,*,#1052,.F.);
#1528=ORIENTED_EDGE('',*,*,#940,.F.);
#1529=ORIENTED_EDGE('',*,*,#935,.F.);
#1530=ORIENTED_EDGE('',*,*,#932,.F.);
#1531=ORIENTED_EDGE('',*,*,#928,.F.);
#1532=ORIENTED_EDGE('',*,*,#1063,.F.);
#1533=ORIENTED_EDGE('',*,*,#1060,.F.);
#1534=ORIENTED_EDGE('',*,*,#1057,.F.);
#1535=ORIENTED_EDGE('',*,*,#1040,.F.);
#1536=ORIENTED_EDGE('',*,*,#925,.F.);
#1537=ORIENTED_EDGE('',*,*,#920,.F.);
#1538=ORIENTED_EDGE('',*,*,#917,.F.);
#1539=ORIENTED_EDGE('',*,*,#913,.F.);
#1540=ORIENTED_EDGE('',*,*,#1050,.F.);
#1541=ORIENTED_EDGE('',*,*,#1047,.F.);
#1542=ORIENTED_EDGE('',*,*,#1044,.F.);
#1543=ORIENTED_EDGE('',*,*,#1123,.T.);
#1544=ORIENTED_EDGE('',*,*,#1124,.T.);
#1545=ORIENTED_EDGE('',*,*,#1125,.T.);
#1546=ORIENTED_EDGE('',*,*,#1126,.T.);
#1547=ORIENTED_EDGE('',*,*,#1127,.T.);
#1548=ORIENTED_EDGE('',*,*,#1128,.F.);
#1549=ORIENTED_EDGE('',*,*,#1003,.F.);
#1550=ORIENTED_EDGE('',*,*,#1129,.T.);
#1551=ORIENTED_EDGE('',*,*,#1127,.F.);
#1552=ORIENTED_EDGE('',*,*,#1129,.F.);
#1553=ORIENTED_EDGE('',*,*,#1128,.T.);
#1554=ORIENTED_EDGE('',*,*,#1130,.T.);
#1555=ORIENTED_EDGE('',*,*,#1126,.F.);
#1556=ORIENTED_EDGE('',*,*,#1130,.F.);
#1557=ORIENTED_EDGE('',*,*,#1131,.T.);
#1558=ORIENTED_EDGE('',*,*,#1132,.F.);
#1559=ORIENTED_EDGE('',*,*,#1002,.F.);
#1560=ORIENTED_EDGE('',*,*,#1133,.T.);
#1561=ORIENTED_EDGE('',*,*,#1131,.F.);
#1562=ORIENTED_EDGE('',*,*,#1133,.F.);
#1563=ORIENTED_EDGE('',*,*,#1132,.T.);
#1564=ORIENTED_EDGE('',*,*,#1134,.T.);
#1565=ORIENTED_EDGE('',*,*,#1125,.F.);
#1566=ORIENTED_EDGE('',*,*,#1134,.F.);
#1567=ORIENTED_EDGE('',*,*,#1135,.T.);
#1568=ORIENTED_EDGE('',*,*,#1136,.F.);
#1569=ORIENTED_EDGE('',*,*,#1001,.F.);
#1570=ORIENTED_EDGE('',*,*,#1137,.T.);
#1571=ORIENTED_EDGE('',*,*,#1135,.F.);
#1572=ORIENTED_EDGE('',*,*,#1137,.F.);
#1573=ORIENTED_EDGE('',*,*,#1136,.T.);
#1574=ORIENTED_EDGE('',*,*,#1138,.T.);
#1575=ORIENTED_EDGE('',*,*,#1124,.F.);
#1576=ORIENTED_EDGE('',*,*,#1138,.F.);
#1577=ORIENTED_EDGE('',*,*,#1139,.T.);
#1578=ORIENTED_EDGE('',*,*,#1140,.F.);
#1579=ORIENTED_EDGE('',*,*,#1000,.F.);
#1580=ORIENTED_EDGE('',*,*,#1141,.T.);
#1581=ORIENTED_EDGE('',*,*,#1139,.F.);
#1582=ORIENTED_EDGE('',*,*,#1141,.F.);
#1583=ORIENTED_EDGE('',*,*,#1140,.T.);
#1584=ORIENTED_EDGE('',*,*,#1142,.T.);
#1585=ORIENTED_EDGE('',*,*,#1123,.F.);
#1586=ORIENTED_EDGE('',*,*,#1142,.F.);
#1587=ORIENTED_EDGE('',*,*,#992,.T.);
#1588=ORIENTED_EDGE('',*,*,#1143,.F.);
#1589=ORIENTED_EDGE('',*,*,#1144,.F.);
#1590=ORIENTED_EDGE('',*,*,#1035,.T.);
#1591=ORIENTED_EDGE('',*,*,#999,.T.);
#1592=ORIENTED_EDGE('',*,*,#1145,.F.);
#1593=ORIENTED_EDGE('',*,*,#1146,.F.);
#1594=ORIENTED_EDGE('',*,*,#1143,.T.);
#1595=ORIENTED_EDGE('',*,*,#998,.T.);
#1596=ORIENTED_EDGE('',*,*,#1147,.F.);
#1597=ORIENTED_EDGE('',*,*,#1148,.F.);
#1598=ORIENTED_EDGE('',*,*,#1145,.T.);
#1599=ORIENTED_EDGE('',*,*,#997,.T.);
#1600=ORIENTED_EDGE('',*,*,#1149,.F.);
#1601=ORIENTED_EDGE('',*,*,#1150,.F.);
#1602=ORIENTED_EDGE('',*,*,#1147,.T.);
#1603=ORIENTED_EDGE('',*,*,#996,.T.);
#1604=ORIENTED_EDGE('',*,*,#1031,.F.);
#1605=ORIENTED_EDGE('',*,*,#1151,.F.);
#1606=ORIENTED_EDGE('',*,*,#1149,.T.);
#1607=ORIENTED_EDGE('',*,*,#991,.T.);
#1608=ORIENTED_EDGE('',*,*,#1152,.T.);
#1609=ORIENTED_EDGE('',*,*,#1115,.T.);
#1610=ORIENTED_EDGE('',*,*,#978,.F.);
#1611=ORIENTED_EDGE('',*,*,#990,.T.);
#1612=ORIENTED_EDGE('',*,*,#1153,.T.);
#1613=ORIENTED_EDGE('',*,*,#1116,.T.);
#1614=ORIENTED_EDGE('',*,*,#1152,.F.);
#1615=ORIENTED_EDGE('',*,*,#989,.T.);
#1616=ORIENTED_EDGE('',*,*,#1154,.T.);
#1617=ORIENTED_EDGE('',*,*,#1117,.T.);
#1618=ORIENTED_EDGE('',*,*,#1153,.F.);
#1619=ORIENTED_EDGE('',*,*,#988,.T.);
#1620=ORIENTED_EDGE('',*,*,#1155,.T.);
#1621=ORIENTED_EDGE('',*,*,#1118,.T.);
#1622=ORIENTED_EDGE('',*,*,#1154,.F.);
#1623=ORIENTED_EDGE('',*,*,#1156,.F.);
#1624=ORIENTED_EDGE('',*,*,#1157,.T.);
#1625=ORIENTED_EDGE('',*,*,#1122,.T.);
#1626=ORIENTED_EDGE('',*,*,#1157,.F.);
#1627=ORIENTED_EDGE('',*,*,#985,.T.);
#1628=ORIENTED_EDGE('',*,*,#1008,.T.);
#1629=ORIENTED_EDGE('',*,*,#1121,.T.);
#1630=ORIENTED_EDGE('',*,*,#1158,.F.);
#1631=ORIENTED_EDGE('',*,*,#986,.T.);
#1632=ORIENTED_EDGE('',*,*,#1158,.T.);
#1633=ORIENTED_EDGE('',*,*,#1120,.T.);
#1634=ORIENTED_EDGE('',*,*,#1159,.F.);
#1635=ORIENTED_EDGE('',*,*,#987,.T.);
#1636=ORIENTED_EDGE('',*,*,#1159,.T.);
#1637=ORIENTED_EDGE('',*,*,#1119,.T.);
#1638=ORIENTED_EDGE('',*,*,#1155,.F.);
#1639=ORIENTED_EDGE('',*,*,#1144,.T.);
#1640=ORIENTED_EDGE('',*,*,#1146,.T.);
#1641=ORIENTED_EDGE('',*,*,#1148,.T.);
#1642=ORIENTED_EDGE('',*,*,#1150,.T.);
#1643=ORIENTED_EDGE('',*,*,#1151,.T.);
#1644=ORIENTED_EDGE('',*,*,#1030,.T.);
#1645=ORIENTED_EDGE('',*,*,#1033,.T.);
#1646=ORIENTED_EDGE('',*,*,#1036,.T.);
#1647=ORIENTED_EDGE('',*,*,#1101,.T.);
#1648=ORIENTED_EDGE('',*,*,#1103,.F.);
#1649=ORIENTED_EDGE('',*,*,#1104,.T.);
#1650=ORIENTED_EDGE('',*,*,#1054,.F.);
#1651=ORIENTED_EDGE('',*,*,#1059,.T.);
#1652=ORIENTED_EDGE('',*,*,#1062,.F.);
#1653=ORIENTED_EDGE('',*,*,#1064,.T.);
#1654=ORIENTED_EDGE('',*,*,#930,.F.);
#1655=ORIENTED_EDGE('',*,*,#934,.T.);
#1656=ORIENTED_EDGE('',*,*,#939,.F.);
#1657=ORIENTED_EDGE('',*,*,#919,.T.);
#1658=ORIENTED_EDGE('',*,*,#924,.F.);
#1659=ORIENTED_EDGE('',*,*,#1038,.T.);
#1660=ORIENTED_EDGE('',*,*,#906,.F.);
#1661=ORIENTED_EDGE('',*,*,#912,.T.);
#1662=ORIENTED_EDGE('',*,*,#1042,.F.);
#1663=ORIENTED_EDGE('',*,*,#1046,.T.);
#1664=ORIENTED_EDGE('',*,*,#1049,.F.);
#1665=ORIENTED_EDGE('',*,*,#1051,.T.);
#1666=ORIENTED_EDGE('',*,*,#915,.F.);
#1667=ORIENTED_EDGE('',*,*,#949,.T.);
#1668=ORIENTED_EDGE('',*,*,#954,.F.);
#1669=ORIENTED_EDGE('',*,*,#1111,.T.);
#1670=ORIENTED_EDGE('',*,*,#1113,.F.);
#1671=ORIENTED_EDGE('',*,*,#1114,.T.);
#1672=ORIENTED_EDGE('',*,*,#1067,.F.);
#1673=ORIENTED_EDGE('',*,*,#1072,.T.);
#1674=ORIENTED_EDGE('',*,*,#1075,.F.);
#1675=ORIENTED_EDGE('',*,*,#1077,.T.);
#1676=ORIENTED_EDGE('',*,*,#945,.F.);
#1677=ORIENTED_EDGE('',*,*,#1106,.T.);
#1678=ORIENTED_EDGE('',*,*,#1108,.F.);
#1679=ORIENTED_EDGE('',*,*,#1109,.T.);
#1680=ORIENTED_EDGE('',*,*,#1080,.F.);
#1681=ORIENTED_EDGE('',*,*,#1085,.T.);
#1682=ORIENTED_EDGE('',*,*,#1088,.F.);
#1683=ORIENTED_EDGE('',*,*,#1090,.T.);
#1684=ORIENTED_EDGE('',*,*,#960,.F.);
#1685=ORIENTED_EDGE('',*,*,#964,.T.);
#1686=ORIENTED_EDGE('',*,*,#969,.F.);
#1687=ORIENTED_EDGE('',*,*,#1156,.T.);
#1688=CYLINDRICAL_SURFACE('',#1857,0.125);
#1689=CYLINDRICAL_SURFACE('',#1860,0.125);
#1690=CYLINDRICAL_SURFACE('',#1865,0.125);
#1691=CYLINDRICAL_SURFACE('',#1868,0.125);
#1692=CYLINDRICAL_SURFACE('',#1872,0.125);
#1693=CYLINDRICAL_SURFACE('',#1876,2.175);
#1694=CYLINDRICAL_SURFACE('',#1879,0.125);
#1695=CYLINDRICAL_SURFACE('',#1883,0.125);
#1696=CYLINDRICAL_SURFACE('',#1887,2.175);
#1697=CYLINDRICAL_SURFACE('',#1890,0.125);
#1698=CYLINDRICAL_SURFACE('',#1894,0.125);
#1699=CYLINDRICAL_SURFACE('',#1898,2.175);
#1700=CYLINDRICAL_SURFACE('',#1901,0.125);
#1701=CYLINDRICAL_SURFACE('',#1905,0.125);
#1702=CYLINDRICAL_SURFACE('',#1909,2.175);
#1703=CYLINDRICAL_SURFACE('',#1912,0.125);
#1704=CYLINDRICAL_SURFACE('',#1930,0.125);
#1705=CYLINDRICAL_SURFACE('',#1935,0.3);
#1706=CYLINDRICAL_SURFACE('',#1944,0.125);
#1707=CYLINDRICAL_SURFACE('',#1951,0.125);
#1708=CYLINDRICAL_SURFACE('',#1956,0.125);
#1709=CYLINDRICAL_SURFACE('',#1959,0.208);
#1710=CYLINDRICAL_SURFACE('',#1962,0.125);
#1711=CYLINDRICAL_SURFACE('',#1967,0.125);
#1712=CYLINDRICAL_SURFACE('',#1970,0.208);
#1713=CYLINDRICAL_SURFACE('',#1973,0.125);
#1714=CYLINDRICAL_SURFACE('',#1978,0.125);
#1715=CYLINDRICAL_SURFACE('',#1981,0.208);
#1716=CYLINDRICAL_SURFACE('',#1984,0.125);
#1717=CYLINDRICAL_SURFACE('',#1989,0.125);
#1718=CYLINDRICAL_SURFACE('',#1992,0.208);
#1719=CYLINDRICAL_SURFACE('',#2003,0.125);
#1720=CYLINDRICAL_SURFACE('',#2007,0.125);
#1721=CYLINDRICAL_SURFACE('',#2011,0.125);
#1722=CYLINDRICAL_SURFACE('',#2027,0.1565);
#1723=CYLINDRICAL_SURFACE('',#2028,0.0885);
#1724=CYLINDRICAL_SURFACE('',#2032,0.1565);
#1725=CYLINDRICAL_SURFACE('',#2033,0.0885);
#1726=CYLINDRICAL_SURFACE('',#2037,0.1565);
#1727=CYLINDRICAL_SURFACE('',#2038,0.0885);
#1728=CYLINDRICAL_SURFACE('',#2042,0.1565);
#1729=CYLINDRICAL_SURFACE('',#2043,0.0885);
#1730=CYLINDRICAL_SURFACE('',#2044,0.125);
#1731=CYLINDRICAL_SURFACE('',#2047,0.125);
#1732=CYLINDRICAL_SURFACE('',#2050,0.125);
#1733=CYLINDRICAL_SURFACE('',#2052,0.249999999999999);
#1734=CYLINDRICAL_SURFACE('',#2054,0.249999999999999);
#1735=CYLINDRICAL_SURFACE('',#2056,0.17);
#1736=CYLINDRICAL_SURFACE('',#2058,0.249999999999999);
#1737=CYLINDRICAL_SURFACE('',#2060,0.249999999999999);
#1738=ADVANCED_FACE('',(#85),#1688,.F.);
#1739=ADVANCED_FACE('',(#86),#1689,.F.);
#1740=ADVANCED_FACE('',(#87),#84,.F.);
#1741=ADVANCED_FACE('',(#88),#1690,.F.);
#1742=ADVANCED_FACE('',(#89),#39,.F.);
#1743=ADVANCED_FACE('',(#90),#1691,.F.);
#1744=ADVANCED_FACE('',(#91),#40,.F.);
#1745=ADVANCED_FACE('',(#92),#1692,.F.);
#1746=ADVANCED_FACE('',(#93),#1693,.F.);
#1747=ADVANCED_FACE('',(#94),#1694,.F.);
#1748=ADVANCED_FACE('',(#95),#41,.F.);
#1749=ADVANCED_FACE('',(#96),#1695,.F.);
#1750=ADVANCED_FACE('',(#97),#1696,.F.);
#1751=ADVANCED_FACE('',(#98),#1697,.F.);
#1752=ADVANCED_FACE('',(#99),#42,.F.);
#1753=ADVANCED_FACE('',(#100),#1698,.F.);
#1754=ADVANCED_FACE('',(#101),#1699,.F.);
#1755=ADVANCED_FACE('',(#102),#1700,.F.);
#1756=ADVANCED_FACE('',(#103),#43,.F.);
#1757=ADVANCED_FACE('',(#104),#1701,.F.);
#1758=ADVANCED_FACE('',(#105),#1702,.F.);
#1759=ADVANCED_FACE('',(#106),#1703,.T.);
#1760=ADVANCED_FACE('',(#107),#44,.T.);
#1761=ADVANCED_FACE('',(#108,#16,#17,#18,#19,#20),#45,.F.);
#1762=ADVANCED_FACE('',(#109),#1704,.T.);
#1763=ADVANCED_FACE('',(#110),#46,.T.);
#1764=ADVANCED_FACE('',(#111),#47,.F.);
#1765=ADVANCED_FACE('',(#112),#48,.F.);
#1766=ADVANCED_FACE('',(#113),#1705,.F.);
#1767=ADVANCED_FACE('',(#114),#49,.T.);
#1768=ADVANCED_FACE('',(#115),#50,.T.);
#1769=ADVANCED_FACE('',(#116),#51,.T.);
#1770=ADVANCED_FACE('',(#117),#52,.T.);
#1771=ADVANCED_FACE('',(#118),#15,.T.);
#1772=ADVANCED_FACE('',(#119),#53,.T.);
#1773=ADVANCED_FACE('',(#120),#1706,.T.);
#1774=ADVANCED_FACE('',(#121),#54,.T.);
#1775=ADVANCED_FACE('',(#122),#55,.F.);
#1776=ADVANCED_FACE('',(#123),#56,.F.);
#1777=ADVANCED_FACE('',(#124),#57,.T.);
#1778=ADVANCED_FACE('',(#125),#58,.F.);
#1779=ADVANCED_FACE('',(#126),#1707,.F.);
#1780=ADVANCED_FACE('',(#127),#59,.F.);
#1781=ADVANCED_FACE('',(#128),#1708,.F.);
#1782=ADVANCED_FACE('',(#129),#1709,.T.);
#1783=ADVANCED_FACE('',(#130),#1710,.F.);
#1784=ADVANCED_FACE('',(#131),#60,.F.);
#1785=ADVANCED_FACE('',(#132),#1711,.F.);
#1786=ADVANCED_FACE('',(#133),#1712,.T.);
#1787=ADVANCED_FACE('',(#134),#1713,.F.);
#1788=ADVANCED_FACE('',(#135),#61,.F.);
#1789=ADVANCED_FACE('',(#136),#1714,.F.);
#1790=ADVANCED_FACE('',(#137),#1715,.T.);
#1791=ADVANCED_FACE('',(#138),#1716,.F.);
#1792=ADVANCED_FACE('',(#139),#62,.F.);
#1793=ADVANCED_FACE('',(#140),#1717,.F.);
#1794=ADVANCED_FACE('',(#141),#1718,.T.);
#1795=ADVANCED_FACE('',(#142),#63,.F.);
#1796=ADVANCED_FACE('',(#143),#64,.F.);
#1797=ADVANCED_FACE('',(#144),#65,.F.);
#1798=ADVANCED_FACE('',(#145),#66,.F.);
#1799=ADVANCED_FACE('',(#146),#67,.F.);
#1800=ADVANCED_FACE('',(#147),#1719,.F.);
#1801=ADVANCED_FACE('',(#148),#68,.F.);
#1802=ADVANCED_FACE('',(#149),#69,.F.);
#1803=ADVANCED_FACE('',(#150),#1720,.F.);
#1804=ADVANCED_FACE('',(#151),#70,.F.);
#1805=ADVANCED_FACE('',(#152),#71,.F.);
#1806=ADVANCED_FACE('',(#153),#1721,.F.);
#1807=ADVANCED_FACE('',(#154),#72,.F.);
#1808=ADVANCED_FACE('',(#155,#21,#22,#23,#24,#25,#26,#27,#28,#29),#73,.T.);
#1809=ADVANCED_FACE('',(#156,#30),#74,.T.);
#1810=ADVANCED_FACE('',(#157),#1722,.F.);
#1811=ADVANCED_FACE('',(#158),#1723,.F.);
#1812=ADVANCED_FACE('',(#159,#31),#75,.T.);
#1813=ADVANCED_FACE('',(#160),#1724,.F.);
#1814=ADVANCED_FACE('',(#161),#1725,.F.);
#1815=ADVANCED_FACE('',(#162,#32),#76,.T.);
#1816=ADVANCED_FACE('',(#163),#1726,.F.);
#1817=ADVANCED_FACE('',(#164),#1727,.F.);
#1818=ADVANCED_FACE('',(#165,#33),#77,.T.);
#1819=ADVANCED_FACE('',(#166),#1728,.F.);
#1820=ADVANCED_FACE('',(#167),#1729,.F.);
#1821=ADVANCED_FACE('',(#168),#1730,.T.);
#1822=ADVANCED_FACE('',(#169),#78,.T.);
#1823=ADVANCED_FACE('',(#170),#1731,.T.);
#1824=ADVANCED_FACE('',(#171),#79,.T.);
#1825=ADVANCED_FACE('',(#172),#1732,.T.);
#1826=ADVANCED_FACE('',(#173),#1733,.T.);
#1827=ADVANCED_FACE('',(#174),#80,.T.);
#1828=ADVANCED_FACE('',(#175),#1734,.T.);
#1829=ADVANCED_FACE('',(#176),#81,.T.);
#1830=ADVANCED_FACE('',(#177),#1735,.F.);
#1831=ADVANCED_FACE('',(#178),#1736,.T.);
#1832=ADVANCED_FACE('',(#179),#82,.T.);
#1833=ADVANCED_FACE('',(#180),#1737,.T.);
#1834=ADVANCED_FACE('',(#181,#34,#35,#36,#37,#38),#83,.F.);
#1835=CLOSED_SHELL('',(#1738,#1739,#1740,#1741,#1742,#1743,#1744,#1745,
#1746,#1747,#1748,#1749,#1750,#1751,#1752,#1753,#1754,#1755,#1756,#1757,
#1758,#1759,#1760,#1761,#1762,#1763,#1764,#1765,#1766,#1767,#1768,#1769,
#1770,#1771,#1772,#1773,#1774,#1775,#1776,#1777,#1778,#1779,#1780,#1781,
#1782,#1783,#1784,#1785,#1786,#1787,#1788,#1789,#1790,#1791,#1792,#1793,
#1794,#1795,#1796,#1797,#1798,#1799,#1800,#1801,#1802,#1803,#1804,#1805,
#1806,#1807,#1808,#1809,#1810,#1811,#1812,#1813,#1814,#1815,#1816,#1817,
#1818,#1819,#1820,#1821,#1822,#1823,#1824,#1825,#1826,#1827,#1828,#1829,
#1830,#1831,#1832,#1833,#1834));
#1836=DERIVED_UNIT_ELEMENT(#1838,1.);
#1837=DERIVED_UNIT_ELEMENT(#3174,-3.);
#1838=(
CONVERSION_BASED_UNIT('gram',#1840)
MASS_UNIT()
NAMED_UNIT(#3171)
);
#1839=(
MASS_UNIT()
NAMED_UNIT(*)
SI_UNIT(.KILO.,.GRAM.)
);
#1840=MASS_MEASURE_WITH_UNIT(MASS_MEASURE(0.001),#1839);
#1841=DERIVED_UNIT((#1836,#1837));
#1842=MEASURE_REPRESENTATION_ITEM('density measure',
POSITIVE_RATIO_MEASURE(1.17),#1841);
#1843=PROPERTY_DEFINITION_REPRESENTATION(#1848,#1845);
#1844=PROPERTY_DEFINITION_REPRESENTATION(#1849,#1846);
#1845=REPRESENTATION('material name',(#1847),#3168);
#1846=REPRESENTATION('density',(#1842),#3168);
#1847=DESCRIPTIVE_REPRESENTATION_ITEM('VERO BLACK','VERO BLACK');
#1848=PROPERTY_DEFINITION('material property','material name',#3182);
#1849=PROPERTY_DEFINITION('material property','density of part',#3182);
#1850=DATE_TIME_ROLE('creation_date');
#1851=APPLIED_DATE_AND_TIME_ASSIGNMENT(#1852,#1850,(#3182));
#1852=DATE_AND_TIME(#1853,#1854);
#1853=CALENDAR_DATE(2014,4,4);
#1854=LOCAL_TIME(0,0,0.,#1855);
#1855=COORDINATED_UNIVERSAL_TIME_OFFSET(0,0,.BEHIND.);
#1856=AXIS2_PLACEMENT_3D('',#2630,#2062,#2063);
#1857=AXIS2_PLACEMENT_3D('',#2631,#2064,#2065);
#1858=AXIS2_PLACEMENT_3D('',#2634,#2066,#2067);
#1859=AXIS2_PLACEMENT_3D('',#2638,#2069,#2070);
#1860=AXIS2_PLACEMENT_3D('',#2640,#2072,#2073);
#1861=AXIS2_PLACEMENT_3D('',#2642,#2074,#2075);
#1862=AXIS2_PLACEMENT_3D('',#2646,#2077,#2078);
#1863=AXIS2_PLACEMENT_3D('',#2648,#2080,#2081);
#1864=AXIS2_PLACEMENT_3D('',#2649,#2082,#2083);
#1865=AXIS2_PLACEMENT_3D('',#2650,#2084,#2085);
#1866=AXIS2_PLACEMENT_3D('',#2654,#2087,#2088);
#1867=AXIS2_PLACEMENT_3D('',#2656,#2090,#2091);
#1868=AXIS2_PLACEMENT_3D('',#2666,#2097,#2098);
#1869=AXIS2_PLACEMENT_3D('',#2669,#2099,#2100);
#1870=AXIS2_PLACEMENT_3D('',#2673,#2102,#2103);
#1871=AXIS2_PLACEMENT_3D('',#2675,#2105,#2106);
#1872=AXIS2_PLACEMENT_3D('',#2681,#2110,#2111);
#1873=AXIS2_PLACEMENT_3D('',#2683,#2112,#2113);
#1874=AXIS2_PLACEMENT_3D('',#2687,#2115,#2116);
#1875=AXIS2_PLACEMENT_3D('',#2690,#2118,#2119);
#1876=AXIS2_PLACEMENT_3D('',#2691,#2120,#2121);
#1877=AXIS2_PLACEMENT_3D('',#2693,#2122,#2123);
#1878=AXIS2_PLACEMENT_3D('',#2696,#2125,#2126);
#1879=AXIS2_PLACEMENT_3D('',#2697,#2127,#2128);
#1880=AXIS2_PLACEMENT_3D('',#2700,#2129,#2130);
#1881=AXIS2_PLACEMENT_3D('',#2704,#2132,#2133);
#1882=AXIS2_PLACEMENT_3D('',#2706,#2135,#2136);
#1883=AXIS2_PLACEMENT_3D('',#2712,#2140,#2141);
#1884=AXIS2_PLACEMENT_3D('',#2714,#2142,#2143);
#1885=AXIS2_PLACEMENT_3D('',#2718,#2145,#2146);
#1886=AXIS2_PLACEMENT_3D('',#2721,#2148,#2149);
#1887=AXIS2_PLACEMENT_3D('',#2722,#2150,#2151);
#1888=AXIS2_PLACEMENT_3D('',#2724,#2152,#2153);
#1889=AXIS2_PLACEMENT_3D('',#2727,#2155,#2156);
#1890=AXIS2_PLACEMENT_3D('',#2728,#2157,#2158);
#1891=AXIS2_PLACEMENT_3D('',#2731,#2159,#2160);
#1892=AXIS2_PLACEMENT_3D('',#2735,#2162,#2163);
#1893=AXIS2_PLACEMENT_3D('',#2737,#2165,#2166);
#1894=AXIS2_PLACEMENT_3D('',#2743,#2170,#2171);
#1895=AXIS2_PLACEMENT_3D('',#2745,#2172,#2173);
#1896=AXIS2_PLACEMENT_3D('',#2749,#2175,#2176);
#1897=AXIS2_PLACEMENT_3D('',#2752,#2178,#2179);
#1898=AXIS2_PLACEMENT_3D('',#2753,#2180,#2181);
#1899=AXIS2_PLACEMENT_3D('',#2755,#2182,#2183);
#1900=AXIS2_PLACEMENT_3D('',#2758,#2185,#2186);
#1901=AXIS2_PLACEMENT_3D('',#2759,#2187,#2188);
#1902=AXIS2_PLACEMENT_3D('',#2762,#2189,#2190);
#1903=AXIS2_PLACEMENT_3D('',#2766,#2192,#2193);
#1904=AXIS2_PLACEMENT_3D('',#2768,#2195,#2196);
#1905=AXIS2_PLACEMENT_3D('',#2774,#2200,#2201);
#1906=AXIS2_PLACEMENT_3D('',#2776,#2202,#2203);
#1907=AXIS2_PLACEMENT_3D('',#2780,#2205,#2206);
#1908=AXIS2_PLACEMENT_3D('',#2783,#2208,#2209);
#1909=AXIS2_PLACEMENT_3D('',#2784,#2210,#2211);
#1910=AXIS2_PLACEMENT_3D('',#2786,#2212,#2213);
#1911=AXIS2_PLACEMENT_3D('',#2789,#2215,#2216);
#1912=AXIS2_PLACEMENT_3D('',#2790,#2217,#2218);
#1913=AXIS2_PLACEMENT_3D('',#2793,#2219,#2220);
#1914=AXIS2_PLACEMENT_3D('',#2797,#2222,#2223);
#1915=AXIS2_PLACEMENT_3D('',#2799,#2225,#2226);
#1916=AXIS2_PLACEMENT_3D('',#2805,#2230,#2231);
#1917=AXIS2_PLACEMENT_3D('',#2809,#2233,#2234);
#1918=AXIS2_PLACEMENT_3D('',#2813,#2236,#2237);
#1919=AXIS2_PLACEMENT_3D('',#2817,#2239,#2240);
#1920=AXIS2_PLACEMENT_3D('',#2821,#2242,#2243);
#1921=AXIS2_PLACEMENT_3D('',#2825,#2245,#2246);
#1922=AXIS2_PLACEMENT_3D('',#2828,#2248,#2249);
#1923=AXIS2_PLACEMENT_3D('',#2831,#2250,#2251);
#1924=AXIS2_PLACEMENT_3D('',#2839,#2255,#2256);
#1925=AXIS2_PLACEMENT_3D('',#2843,#2258,#2259);
#1926=AXIS2_PLACEMENT_3D('',#2846,#2261,#2262);
#1927=AXIS2_PLACEMENT_3D('',#2848,#2263,#2264);
#1928=AXIS2_PLACEMENT_3D('',#2850,#2265,#2266);
#1929=AXIS2_PLACEMENT_3D('',#2852,#2267,#2268);
#1930=AXIS2_PLACEMENT_3D('',#2853,#2269,#2270);
#1931=AXIS2_PLACEMENT_3D('',#2856,#2271,#2272);
#1932=AXIS2_PLACEMENT_3D('',#2859,#2275,#2276);
#1933=AXIS2_PLACEMENT_3D('',#2863,#2279,#2280);
#1934=AXIS2_PLACEMENT_3D('',#2867,#2283,#2284);
#1935=AXIS2_PLACEMENT_3D('',#2871,#2287,#2288);
#1936=AXIS2_PLACEMENT_3D('',#2872,#2289,#2290);
#1937=AXIS2_PLACEMENT_3D('',#2873,#2291,#2292);
#1938=AXIS2_PLACEMENT_3D('',#2878,#2296,#2297);
#1939=AXIS2_PLACEMENT_3D('',#2882,#2300,#2301);
#1940=AXIS2_PLACEMENT_3D('',#2891,#2306,#2307);
#1941=AXIS2_PLACEMENT_3D('',#2899,#2312,#2313);
#1942=AXIS2_PLACEMENT_3D('',#2900,#2314,#2315);
#1943=AXIS2_PLACEMENT_3D('',#2901,#2316,#2317);
#1944=AXIS2_PLACEMENT_3D('',#2908,#2322,#2323);
#1945=AXIS2_PLACEMENT_3D('',#2911,#2325,#2326);
#1946=AXIS2_PLACEMENT_3D('',#2912,#2327,#2328);
#1947=AXIS2_PLACEMENT_3D('',#2917,#2332,#2333);
#1948=AXIS2_PLACEMENT_3D('',#2919,#2335,#2336);
#1949=AXIS2_PLACEMENT_3D('',#2920,#2337,#2338);
#1950=AXIS2_PLACEMENT_3D('',#2921,#2339,#2340);
#1951=AXIS2_PLACEMENT_3D('',#2924,#2343,#2344);
#1952=AXIS2_PLACEMENT_3D('',#2926,#2345,#2346);
#1953=AXIS2_PLACEMENT_3D('',#2929,#2348,#2349);
#1954=AXIS2_PLACEMENT_3D('',#2930,#2350,#2351);
#1955=AXIS2_PLACEMENT_3D('',#2931,#2352,#2353);
#1956=AXIS2_PLACEMENT_3D('',#2937,#2357,#2358);
#1957=AXIS2_PLACEMENT_3D('',#2939,#2359,#2360);
#1958=AXIS2_PLACEMENT_3D('',#2942,#2362,#2363);
#1959=AXIS2_PLACEMENT_3D('',#2943,#2364,#2365);
#1960=AXIS2_PLACEMENT_3D('',#2944,#2366,#2367);
#1961=AXIS2_PLACEMENT_3D('',#2945,#2368,#2369);
#1962=AXIS2_PLACEMENT_3D('',#2946,#2370,#2371);
#1963=AXIS2_PLACEMENT_3D('',#2948,#2372,#2373);
#1964=AXIS2_PLACEMENT_3D('',#2952,#2375,#2376);
#1965=AXIS2_PLACEMENT_3D('',#2955,#2378,#2379);
#1966=AXIS2_PLACEMENT_3D('',#2956,#2380,#2381);
#1967=AXIS2_PLACEMENT_3D('',#2962,#2385,#2386);
#1968=AXIS2_PLACEMENT_3D('',#2964,#2387,#2388);
#1969=AXIS2_PLACEMENT_3D('',#2967,#2390,#2391);
#1970=AXIS2_PLACEMENT_3D('',#2968,#2392,#2393);
#1971=AXIS2_PLACEMENT_3D('',#2969,#2394,#2395);
#1972=AXIS2_PLACEMENT_3D('',#2970,#2396,#2397);
#1973=AXIS2_PLACEMENT_3D('',#2971,#2398,#2399);
#1974=AXIS2_PLACEMENT_3D('',#2973,#2400,#2401);
#1975=AXIS2_PLACEMENT_3D('',#2977,#2403,#2404);
#1976=AXIS2_PLACEMENT_3D('',#2980,#2406,#2407);
#1977=AXIS2_PLACEMENT_3D('',#2981,#2408,#2409);
#1978=AXIS2_PLACEMENT_3D('',#2987,#2413,#2414);
#1979=AXIS2_PLACEMENT_3D('',#2989,#2415,#2416);
#1980=AXIS2_PLACEMENT_3D('',#2992,#2418,#2419);
#1981=AXIS2_PLACEMENT_3D('',#2993,#2420,#2421);
#1982=AXIS2_PLACEMENT_3D('',#2994,#2422,#2423);
#1983=AXIS2_PLACEMENT_3D('',#2995,#2424,#2425);
#1984=AXIS2_PLACEMENT_3D('',#2996,#2426,#2427);
#1985=AXIS2_PLACEMENT_3D('',#2998,#2428,#2429);
#1986=AXIS2_PLACEMENT_3D('',#3002,#2431,#2432);
#1987=AXIS2_PLACEMENT_3D('',#3005,#2434,#2435);
#1988=AXIS2_PLACEMENT_3D('',#3006,#2436,#2437);
#1989=AXIS2_PLACEMENT_3D('',#3012,#2441,#2442);
#1990=AXIS2_PLACEMENT_3D('',#3014,#2443,#2444);
#1991=AXIS2_PLACEMENT_3D('',#3017,#2446,#2447);
#1992=AXIS2_PLACEMENT_3D('',#3018,#2448,#2449);
#1993=AXIS2_PLACEMENT_3D('',#3019,#2450,#2451);
#1994=AXIS2_PLACEMENT_3D('',#3020,#2452,#2453);
#1995=AXIS2_PLACEMENT_3D('',#3021,#2454,#2455);
#1996=AXIS2_PLACEMENT_3D('',#3022,#2456,#2457);
#1997=AXIS2_PLACEMENT_3D('',#3026,#2459,#2460);
#1998=AXIS2_PLACEMENT_3D('',#3028,#2462,#2463);
#1999=AXIS2_PLACEMENT_3D('',#3032,#2465,#2466);
#2000=AXIS2_PLACEMENT_3D('',#3034,#2468,#2469);
#2001=AXIS2_PLACEMENT_3D('',#3038,#2471,#2472);
#2002=AXIS2_PLACEMENT_3D('',#3040,#2474,#2475);
#2003=AXIS2_PLACEMENT_3D('',#3044,#2478,#2479);
#2004=AXIS2_PLACEMENT_3D('',#3047,#2481,#2482);
#2005=AXIS2_PLACEMENT_3D('',#3048,#2483,#2484);
#2006=AXIS2_PLACEMENT_3D('',#3050,#2486,#2487);
#2007=AXIS2_PLACEMENT_3D('',#3054,#2490,#2491);
#2008=AXIS2_PLACEMENT_3D('',#3057,#2493,#2494);
#2009=AXIS2_PLACEMENT_3D('',#3058,#2495,#2496);
#2010=AXIS2_PLACEMENT_3D('',#3060,#2498,#2499);
#2011=AXIS2_PLACEMENT_3D('',#3064,#2502,#2503);
#2012=AXIS2_PLACEMENT_3D('',#3067,#2505,#2506);
#2013=AXIS2_PLACEMENT_3D('',#3068,#2507,#2508);
#2014=AXIS2_PLACEMENT_3D('',#3070,#2510,#2511);
#2015=AXIS2_PLACEMENT_3D('',#3072,#2512,#2513);
#2016=AXIS2_PLACEMENT_3D('',#3076,#2515,#2516);
#2017=AXIS2_PLACEMENT_3D('',#3080,#2518,#2519);
#2018=AXIS2_PLACEMENT_3D('',#3083,#2521,#2522);
#2019=AXIS2_PLACEMENT_3D('',#3085,#2523,#2524);
#2020=AXIS2_PLACEMENT_3D('',#3087,#2525,#2526);
#2021=AXIS2_PLACEMENT_3D('',#3089,#2527,#2528);
#2022=AXIS2_PLACEMENT_3D('',#3091,#2529,#2530);
#2023=AXIS2_PLACEMENT_3D('',#3093,#2531,#2532);
#2024=AXIS2_PLACEMENT_3D('',#3094,#2533,#2534);
#2025=AXIS2_PLACEMENT_3D('',#3096,#2535,#2536);
#2026=AXIS2_PLACEMENT_3D('',#3098,#2537,#2538);
#2027=AXIS2_PLACEMENT_3D('',#3099,#2539,#2540);
#2028=AXIS2_PLACEMENT_3D('',#3101,#2542,#2543);
#2029=AXIS2_PLACEMENT_3D('',#3103,#2545,#2546);
#2030=AXIS2_PLACEMENT_3D('',#3105,#2547,#2548);
#2031=AXIS2_PLACEMENT_3D('',#3107,#2549,#2550);
#2032=AXIS2_PLACEMENT_3D('',#3108,#2551,#2552);
#2033=AXIS2_PLACEMENT_3D('',#3110,#2554,#2555);
#2034=AXIS2_PLACEMENT_3D('',#3112,#2557,#2558);
#2035=AXIS2_PLACEMENT_3D('',#3114,#2559,#2560);
#2036=AXIS2_PLACEMENT_3D('',#3116,#2561,#2562);
#2037=AXIS2_PLACEMENT_3D('',#3117,#2563,#2564);
#2038=AXIS2_PLACEMENT_3D('',#3119,#2566,#2567);
#2039=AXIS2_PLACEMENT_3D('',#3121,#2569,#2570);
#2040=AXIS2_PLACEMENT_3D('',#3123,#2571,#2572);
#2041=AXIS2_PLACEMENT_3D('',#3125,#2573,#2574);
#2042=AXIS2_PLACEMENT_3D('',#3126,#2575,#2576);
#2043=AXIS2_PLACEMENT_3D('',#3128,#2578,#2579);
#2044=AXIS2_PLACEMENT_3D('',#3130,#2581,#2582);
#2045=AXIS2_PLACEMENT_3D('',#3133,#2584,#2585);
#2046=AXIS2_PLACEMENT_3D('',#3134,#2586,#2587);
#2047=AXIS2_PLACEMENT_3D('',#3138,#2590,#2591);
#2048=AXIS2_PLACEMENT_3D('',#3141,#2593,#2594);
#2049=AXIS2_PLACEMENT_3D('',#3142,#2595,#2596);
#2050=AXIS2_PLACEMENT_3D('',#3146,#2599,#2600);
#2051=AXIS2_PLACEMENT_3D('',#3147,#2601,#2602);
#2052=AXIS2_PLACEMENT_3D('',#3148,#2603,#2604);
#2053=AXIS2_PLACEMENT_3D('',#3150,#2606,#2607);
#2054=AXIS2_PLACEMENT_3D('',#3152,#2609,#2610);
#2055=AXIS2_PLACEMENT_3D('',#3154,#2612,#2613);
#2056=AXIS2_PLACEMENT_3D('',#3156,#2615,#2616);
#2057=AXIS2_PLACEMENT_3D('',#3158,#2617,#2618);
#2058=AXIS2_PLACEMENT_3D('',#3160,#2620,#2621);
#2059=AXIS2_PLACEMENT_3D('',#3162,#2623,#2624);
#2060=AXIS2_PLACEMENT_3D('',#3164,#2626,#2627);
#2061=AXIS2_PLACEMENT_3D('',#3165,#2628,#2629);
#2062=DIRECTION('axis',(0.,0.,1.));
#2063=DIRECTION('refdir',(1.,0.,0.));
#2064=DIRECTION('center_axis',(3.26228844957692E-16,-1.,3.14975722777903E-30));
#2065=DIRECTION('ref_axis',(-0.707106781186548,0.,0.707106781186548));
#2066=DIRECTION('center_axis',(0.,-1.,0.));
#2067=DIRECTION('ref_axis',(0.,0.,1.));
#2068=DIRECTION('',(-3.26228844957692E-16,1.,-3.14975722777903E-30));
#2069=DIRECTION('center_axis',(0.5,0.5,-0.707106781186548));
#2070=DIRECTION('ref_axis',(-0.288675134594813,0.866025403784439,0.408248290463863));
#2071=DIRECTION('',(3.26228844957692E-16,-1.,3.14975722777903E-30));
#2072=DIRECTION('center_axis',(1.,0.,-9.62951984364731E-31));
#2073=DIRECTION('ref_axis',(0.,-0.707106781186548,0.707106781186548));
#2074=DIRECTION('center_axis',(-1.,0.,0.));
#2075=DIRECTION('ref_axis',(0.,-1.,0.));
#2076=DIRECTION('',(1.,0.,-9.62951984364731E-31));
#2077=DIRECTION('center_axis',(0.5,0.5,-0.707106781186548));
#2078=DIRECTION('ref_axis',(0.866025403784439,-0.288675134594812,0.408248290463863));
#2079=DIRECTION('',(-1.,0.,9.62951984364731E-31));
#2080=DIRECTION('center_axis',(0.408248290463862,-0.816496580927727,-0.408248290463862));
#2081=DIRECTION('ref_axis',(-0.577350269189626,-0.577350269189626,0.577350269189626));
#2082=DIRECTION('center_axis',(0.,0.,-1.));
#2083=DIRECTION('ref_axis',(-0.707106781186548,-0.707106781186548,0.));
#2084=DIRECTION('center_axis',(0.,0.,1.));
#2085=DIRECTION('ref_axis',(-0.707106781186548,-0.707106781186548,0.));
#2086=DIRECTION('',(0.,0.,-1.));
#2087=DIRECTION('center_axis',(0.,0.,-1.));
#2088=DIRECTION('ref_axis',(-0.707106781186548,-0.707106781186548,0.));
#2089=DIRECTION('',(0.,0.,1.));
#2090=DIRECTION('center_axis',(0.,-1.,0.));
#2091=DIRECTION('ref_axis',(0.,0.,-1.));
#2092=DIRECTION('',(0.816496580927727,0.,0.577350269189625));
#2093=DIRECTION('',(0.,0.,1.));
#2094=DIRECTION('',(1.,0.,-9.62951984364731E-31));
#2095=DIRECTION('',(0.,0.,1.));
#2096=DIRECTION('',(1.,0.,0.));
#2097=DIRECTION('center_axis',(0.,0.,1.));
#2098=DIRECTION('ref_axis',(0.515160548169588,0.857093699434087,0.));
#2099=DIRECTION('center_axis',(0.,0.,1.));
#2100=DIRECTION('ref_axis',(0.515160548169588,0.857093699434087,0.));
#2101=DIRECTION('',(0.,0.,-1.));
#2102=DIRECTION('center_axis',(0.,0.,-1.));
#2103=DIRECTION('ref_axis',(0.515160548169588,0.857093699434087,0.));
#2104=DIRECTION('',(0.,0.,1.));
#2105=DIRECTION('center_axis',(-3.32921973266504E-17,1.,0.));
#2106=DIRECTION('ref_axis',(0.,0.,1.));
#2107=DIRECTION('',(-1.,-3.32921973266504E-17,0.));
#2108=DIRECTION('',(0.,0.,1.));
#2109=DIRECTION('',(-1.,-3.32921973266504E-17,0.));
#2110=DIRECTION('center_axis',(0.,0.,1.));
#2111=DIRECTION('ref_axis',(-0.707106781186547,0.707106781186548,0.));
#2112=DIRECTION('center_axis',(0.,0.,1.));
#2113=DIRECTION('ref_axis',(-0.707106781186547,0.707106781186548,0.));
#2114=DIRECTION('',(0.,0.,-1.));
#2115=DIRECTION('center_axis',(9.62951984364731E-31,3.14975722777903E-30,
1.));
#2116=DIRECTION('ref_axis',(-0.707106781186547,0.707106781186548,0.));
#2117=DIRECTION('',(0.,0.,-1.));
#2118=DIRECTION('center_axis',(0.,0.,-1.));
#2119=DIRECTION('ref_axis',(-0.707106781186547,0.707106781186548,0.));
#2120=DIRECTION('center_axis',(0.,0.,1.));
#2121=DIRECTION('ref_axis',(-0.998315122762997,-0.0580251295793575,0.));
#2122=DIRECTION('center_axis',(0.,0.,1.));
#2123=DIRECTION('ref_axis',(-0.998315122762997,-0.0580251295793575,0.));
#2124=DIRECTION('',(0.,0.,1.));
#2125=DIRECTION('center_axis',(0.,0.,-1.));
#2126=DIRECTION('ref_axis',(0.058025129579356,0.998315122762998,0.));
#2127=DIRECTION('center_axis',(0.,0.,1.));
#2128=DIRECTION('ref_axis',(-0.857093699434088,0.515160548169587,0.));
#2129=DIRECTION('center_axis',(0.,0.,1.));
#2130=DIRECTION('ref_axis',(-0.857093699434088,0.515160548169587,0.));
#2131=DIRECTION('',(0.,0.,-1.));
#2132=DIRECTION('center_axis',(0.,0.,-1.));
#2133=DIRECTION('ref_axis',(-0.857093699434088,0.515160548169587,0.));
#2134=DIRECTION('',(0.,0.,1.));
#2135=DIRECTION('center_axis',(-1.,3.07952825271516E-16,0.));
#2136=DIRECTION('ref_axis',(0.,0.,1.));
#2137=DIRECTION('',(-3.07952825271516E-16,-1.,0.));
#2138=DIRECTION('',(0.,0.,1.));
#2139=DIRECTION('',(-3.07952825271516E-16,-1.,0.));
#2140=DIRECTION('center_axis',(0.,0.,1.));
#2141=DIRECTION('ref_axis',(-0.707106781186548,-0.707106781186547,0.));
#2142=DIRECTION('center_axis',(0.,0.,1.));
#2143=DIRECTION('ref_axis',(-0.707106781186548,-0.707106781186547,0.));
#2144=DIRECTION('',(0.,0.,-1.));
#2145=DIRECTION('center_axis',(-4.60001775353557E-30,7.4246411929457E-30,
1.));
#2146=DIRECTION('ref_axis',(-0.707106781186548,-0.707106781186547,0.));
#2147=DIRECTION('',(0.,0.,-1.));
#2148=DIRECTION('center_axis',(0.,0.,-1.));
#2149=DIRECTION('ref_axis',(-0.707106781186548,-0.707106781186547,0.));
#2150=DIRECTION('center_axis',(0.,0.,1.));
#2151=DIRECTION('ref_axis',(-0.0580251295793548,0.998315122762998,0.));
#2152=DIRECTION('center_axis',(0.,0.,1.));
#2153=DIRECTION('ref_axis',(-0.0580251295793548,0.998315122762998,0.));
#2154=DIRECTION('',(0.,0.,1.));
#2155=DIRECTION('center_axis',(0.,0.,-1.));
#2156=DIRECTION('ref_axis',(-0.998315122762998,0.058025129579355,0.));
#2157=DIRECTION('center_axis',(0.,0.,1.));
#2158=DIRECTION('ref_axis',(0.857093699434088,-0.515160548169587,0.));
#2159=DIRECTION('center_axis',(0.,0.,1.));
#2160=DIRECTION('ref_axis',(0.857093699434088,-0.515160548169587,0.));
#2161=DIRECTION('',(0.,0.,-1.));
#2162=DIRECTION('center_axis',(0.,0.,-1.));
#2163=DIRECTION('ref_axis',(0.857093699434088,-0.515160548169587,0.));
#2164=DIRECTION('',(0.,0.,1.));
#2165=DIRECTION('center_axis',(1.,-3.07952825271516E-16,0.));
#2166=DIRECTION('ref_axis',(0.,0.,-1.));
#2167=DIRECTION('',(3.07952825271516E-16,1.,0.));
#2168=DIRECTION('',(0.,0.,1.));
#2169=DIRECTION('',(3.07952825271516E-16,1.,0.));
#2170=DIRECTION('center_axis',(0.,0.,1.));
#2171=DIRECTION('ref_axis',(0.707106781186548,0.707106781186547,0.));
#2172=DIRECTION('center_axis',(0.,0.,1.));
#2173=DIRECTION('ref_axis',(0.707106781186548,0.707106781186547,0.));
#2174=DIRECTION('',(0.,0.,-1.));
#2175=DIRECTION('center_axis',(2.47713699590331E-30,-5.9865176327462E-30,
1.));
#2176=DIRECTION('ref_axis',(0.707106781186548,0.707106781186547,0.));
#2177=DIRECTION('',(0.,0.,-1.));
#2178=DIRECTION('center_axis',(0.,0.,-1.));
#2179=DIRECTION('ref_axis',(0.707106781186548,0.707106781186547,0.));
#2180=DIRECTION('center_axis',(0.,0.,1.));
#2181=DIRECTION('ref_axis',(0.0580251295793549,-0.998315122762998,0.));
#2182=DIRECTION('center_axis',(0.,0.,1.));
#2183=DIRECTION('ref_axis',(0.0580251295793549,-0.998315122762998,0.));
#2184=DIRECTION('',(0.,0.,1.));
#2185=DIRECTION('center_axis',(0.,0.,-1.));
#2186=DIRECTION('ref_axis',(0.998315122762997,-0.0580251295793577,0.));
#2187=DIRECTION('center_axis',(0.,0.,1.));
#2188=DIRECTION('ref_axis',(-0.515160548169588,-0.857093699434087,0.));
#2189=DIRECTION('center_axis',(0.,0.,1.));
#2190=DIRECTION('ref_axis',(-0.515160548169588,-0.857093699434087,0.));
#2191=DIRECTION('',(0.,0.,-1.));
#2192=DIRECTION('center_axis',(0.,0.,-1.));
#2193=DIRECTION('ref_axis',(-0.515160548169588,-0.857093699434087,0.));
#2194=DIRECTION('',(0.,0.,1.));
#2195=DIRECTION('center_axis',(3.32921973266504E-17,-1.,0.));
#2196=DIRECTION('ref_axis',(0.,0.,-1.));
#2197=DIRECTION('',(1.,3.32921973266504E-17,0.));
#2198=DIRECTION('',(0.,0.,1.));
#2199=DIRECTION('',(1.,3.32921973266504E-17,0.));
#2200=DIRECTION('center_axis',(0.,0.,1.));
#2201=DIRECTION('ref_axis',(0.707106781186547,-0.707106781186549,0.));
#2202=DIRECTION('center_axis',(0.,0.,1.));
#2203=DIRECTION('ref_axis',(0.707106781186547,-0.707106781186549,0.));
#2204=DIRECTION('',(0.,0.,-1.));
#2205=DIRECTION('center_axis',(-5.61875332652614E-30,-3.18344748726932E-30,
1.));
#2206=DIRECTION('ref_axis',(0.707106781186547,-0.707106781186549,0.));
#2207=DIRECTION('',(0.,0.,-1.));
#2208=DIRECTION('center_axis',(0.,0.,-1.));
#2209=DIRECTION('ref_axis',(0.707106781186547,-0.707106781186549,0.));
#2210=DIRECTION('center_axis',(0.,0.,1.));
#2211=DIRECTION('ref_axis',(0.998315122762998,0.058025129579355,0.));
#2212=DIRECTION('center_axis',(0.,0.,1.));
#2213=DIRECTION('ref_axis',(0.998315122762998,0.058025129579355,0.));
#2214=DIRECTION('',(0.,0.,1.));
#2215=DIRECTION('center_axis',(0.,0.,-1.));
#2216=DIRECTION('ref_axis',(0.0580251295793559,0.998315122762998,0.));
#2217=DIRECTION('center_axis',(0.,0.,-1.));
#2218=DIRECTION('ref_axis',(-0.707106781186548,-0.707106781186548,0.));
#2219=DIRECTION('center_axis',(0.,0.,1.));
#2220=DIRECTION('ref_axis',(-0.707106781186548,-0.707106781186548,0.));
#2221=DIRECTION('',(0.,0.,1.));
#2222=DIRECTION('center_axis',(0.,0.,-1.));
#2223=DIRECTION('ref_axis',(-0.707106781186548,-0.707106781186548,0.));
#2224=DIRECTION('',(0.,0.,-1.));
#2225=DIRECTION('center_axis',(-6.99353086378051E-17,-1.,0.));
#2226=DIRECTION('ref_axis',(0.,0.,-1.));
#2227=DIRECTION('',(1.,-6.99353086378051E-17,0.));
#2228=DIRECTION('',(0.,0.,1.));
#2229=DIRECTION('',(-1.,6.99353086378051E-17,0.));
#2230=DIRECTION('center_axis',(0.,0.,1.));
#2231=DIRECTION('ref_axis',(1.,0.,0.));
#2232=DIRECTION('',(0.,1.,0.));
#2233=DIRECTION('center_axis',(0.,0.,1.));
#2234=DIRECTION('ref_axis',(1.,0.,0.));
#2235=DIRECTION('',(-1.3987061727561E-15,-1.,0.));
#2236=DIRECTION('center_axis',(0.,0.,1.));
#2237=DIRECTION('ref_axis',(0.70710678118655,-0.707106781186546,0.));
#2238=DIRECTION('',(1.,-6.99353086378051E-17,0.));
#2239=DIRECTION('center_axis',(0.,0.,1.));
#2240=DIRECTION('ref_axis',(1.,0.,0.));
#2241=DIRECTION('',(2.09805925913415E-16,-1.,0.));
#2242=DIRECTION('center_axis',(0.,0.,1.));
#2243=DIRECTION('ref_axis',(0.,-1.,0.));
#2244=DIRECTION('',(-1.,1.3987061727561E-16,0.));
#2245=DIRECTION('center_axis',(0.,0.,1.));
#2246=DIRECTION('ref_axis',(-1.,0.,0.));
#2247=DIRECTION('',(0.,1.,0.));
#2248=DIRECTION('center_axis',(0.,0.,1.));
#2249=DIRECTION('ref_axis',(-1.3987061727561E-15,1.,0.));
#2250=DIRECTION('center_axis',(0.,0.,-1.));
#2251=DIRECTION('ref_axis',(1.,0.,0.));
#2252=DIRECTION('',(-3.25280505292117E-16,1.,0.));
#2253=DIRECTION('',(0.707106781186547,-0.707106781186548,0.));
#2254=DIRECTION('',(-1.,0.,0.));
#2255=DIRECTION('center_axis',(0.,0.,-1.));
#2256=DIRECTION('ref_axis',(-1.,0.,0.));
#2257=DIRECTION('',(1.62640252646058E-16,-1.,0.));
#2258=DIRECTION('center_axis',(0.,0.,-1.));
#2259=DIRECTION('ref_axis',(0.,-1.,0.));
#2260=DIRECTION('',(1.,2.43960378969088E-16,0.));
#2261=DIRECTION('center_axis',(0.,0.,1.));
#2262=DIRECTION('ref_axis',(-1.,0.,0.));
#2263=DIRECTION('center_axis',(0.,0.,1.));
#2264=DIRECTION('ref_axis',(-1.,0.,0.));
#2265=DIRECTION('center_axis',(0.,0.,1.));
#2266=DIRECTION('ref_axis',(-1.,0.,0.));
#2267=DIRECTION('center_axis',(0.,0.,1.));
#2268=DIRECTION('ref_axis',(-1.,0.,0.));
#2269=DIRECTION('center_axis',(0.,0.,1.));
#2270=DIRECTION('ref_axis',(0.70710678118655,-0.707106781186546,0.));
#2271=DIRECTION('center_axis',(0.,0.,-1.));
#2272=DIRECTION('ref_axis',(0.70710678118655,-0.707106781186546,0.));
#2273=DIRECTION('',(0.,0.,-1.));
#2274=DIRECTION('',(0.,0.,1.));
#2275=DIRECTION('center_axis',(-6.99353086378051E-17,-1.,0.));
#2276=DIRECTION('ref_axis',(0.,0.,-1.));
#2277=DIRECTION('',(-1.,6.99353086378051E-17,0.));
#2278=DIRECTION('',(0.,0.,1.));
#2279=DIRECTION('center_axis',(-1.,1.3987061727561E-15,0.));
#2280=DIRECTION('ref_axis',(1.3987061727561E-15,1.,0.));
#2281=DIRECTION('',(0.,0.,-1.));
#2282=DIRECTION('',(1.3987061727561E-15,1.,0.));
#2283=DIRECTION('center_axis',(1.,0.,0.));
#2284=DIRECTION('ref_axis',(0.,-1.,0.));
#2285=DIRECTION('',(0.,-1.,0.));
#2286=DIRECTION('',(0.,0.,-1.));
#2287=DIRECTION('center_axis',(0.,0.,-1.));
#2288=DIRECTION('ref_axis',(1.,0.,0.));
#2289=DIRECTION('center_axis',(0.,0.,-1.));
#2290=DIRECTION('ref_axis',(1.,0.,0.));
#2291=DIRECTION('center_axis',(0.5,0.5,-0.707106781186548));
#2292=DIRECTION('ref_axis',(-0.816496580927727,0.,-0.577350269189625));
#2293=DIRECTION('',(-2.66364736507957E-16,0.816496580927727,0.577350269189625));
#2294=DIRECTION('',(0.707106781186548,-0.707106781186547,1.54630481675255E-30));
#2295=DIRECTION('',(-0.707106781186548,0.707106781186547,-1.54630481675255E-30));
#2296=DIRECTION('center_axis',(0.707106781186547,0.707106781186548,0.));
#2297=DIRECTION('ref_axis',(0.707106781186548,-0.707106781186547,1.54630481675255E-30));
#2298=DIRECTION('',(0.,0.,-1.));
#2299=DIRECTION('',(-0.707106781186548,0.707106781186547,-1.54630481675255E-30));
#2300=DIRECTION('center_axis',(0.,-0.707106781186548,0.707106781186548));
#2301=DIRECTION('ref_axis',(1.,0.,0.));
#2302=DIRECTION('',(0.577350269189626,-0.577350269189626,-0.577350269189626));
#2303=DIRECTION('',(-1.,0.,0.));
#2304=DIRECTION('',(0.,-0.707106781186548,-0.707106781186548));
#2305=DIRECTION('',(1.,0.,0.));
#2306=DIRECTION('center_axis',(-0.707106781186548,-2.30008051079843E-16,
0.707106781186548));
#2307=DIRECTION('ref_axis',(0.707106781186548,0.,0.707106781186548));
#2308=DIRECTION('',(0.577350269189626,-0.577350269189626,0.577350269189626));
#2309=DIRECTION('',(3.25280505292117E-16,-1.,0.));
#2310=DIRECTION('',(0.707106781186548,0.,0.707106781186548));
#2311=DIRECTION('',(-3.25280505292117E-16,1.,0.));
#2312=DIRECTION('center_axis',(0.,0.,-1.));
#2313=DIRECTION('ref_axis',(0.,1.,0.));
#2314=DIRECTION('center_axis',(0.,0.,1.));
#2315=DIRECTION('ref_axis',(0.,1.,0.));
#2316=DIRECTION('center_axis',(0.,-1.,0.));
#2317=DIRECTION('ref_axis',(0.,0.,-1.));
#2318=DIRECTION('',(0.,0.,-1.));
#2319=DIRECTION('',(0.,0.,1.));
#2320=DIRECTION('',(-1.,0.,0.));
#2321=DIRECTION('',(0.,0.,1.));
#2322=DIRECTION('center_axis',(0.,0.,1.));
#2323=DIRECTION('ref_axis',(0.,1.,0.));
#2324=DIRECTION('',(0.,0.,1.));
#2325=DIRECTION('center_axis',(0.,0.,-1.));
#2326=DIRECTION('ref_axis',(0.,1.,0.));
#2327=DIRECTION('center_axis',(-1.,-3.25280505292117E-16,0.));
#2328=DIRECTION('ref_axis',(0.,0.,1.));
#2329=DIRECTION('',(0.,0.,1.));
#2330=DIRECTION('',(0.,0.,1.));
#2331=DIRECTION('',(-3.25280505292117E-16,1.,0.));
#2332=DIRECTION('center_axis',(0.707106781186548,0.707106781186547,0.));
#2333=DIRECTION('ref_axis',(0.707106781186547,-0.707106781186548,0.));
#2334=DIRECTION('',(0.707106781186547,-0.707106781186548,0.));
#2335=DIRECTION('center_axis',(0.,0.,-1.));
#2336=DIRECTION('ref_axis',(-1.,0.,0.));
#2337=DIRECTION('center_axis',(-9.62951984364731E-31,-3.14975722777903E-30,
-1.));
#2338=DIRECTION('ref_axis',(-1.,0.,9.62951984364731E-31));
#2339=DIRECTION('center_axis',(-1.,-3.26228844957692E-16,0.));
#2340=DIRECTION('ref_axis',(0.,0.,1.));
#2341=DIRECTION('',(3.26228844957692E-16,-1.,0.));
#2342=DIRECTION('',(3.26228844957692E-16,-1.,3.14975722777903E-30));
#2343=DIRECTION('center_axis',(0.,0.,1.));
#2344=DIRECTION('ref_axis',(0.707106781186547,-0.707106781186548,0.));
#2345=DIRECTION('center_axis',(0.,0.,1.));
#2346=DIRECTION('ref_axis',(0.707106781186547,-0.707106781186548,0.));
#2347=DIRECTION('',(0.,0.,-1.));
#2348=DIRECTION('center_axis',(0.,0.,-1.));
#2349=DIRECTION('ref_axis',(0.707106781186547,-0.707106781186548,0.));
#2350=DIRECTION('center_axis',(9.62951984364731E-31,3.14975722777903E-30,
1.));
#2351=DIRECTION('ref_axis',(0.707106781186547,-0.707106781186548,0.));
#2352=DIRECTION('center_axis',(1.,3.07952825271516E-16,0.));
#2353=DIRECTION('ref_axis',(0.,0.,-1.));
#2354=DIRECTION('',(-3.07952825271516E-16,1.,0.));
#2355=DIRECTION('',(0.,0.,1.));
#2356=DIRECTION('',(-3.07952825271516E-16,1.,0.));
#2357=DIRECTION('center_axis',(0.,0.,1.));
#2358=DIRECTION('ref_axis',(0.857093699434088,0.515160548169587,0.));
#2359=DIRECTION('center_axis',(0.,0.,1.));
#2360=DIRECTION('ref_axis',(0.857093699434088,0.515160548169587,0.));
#2361=DIRECTION('',(0.,0.,-1.));
#2362=DIRECTION('center_axis',(0.,0.,-1.));
#2363=DIRECTION('ref_axis',(0.857093699434088,0.515160548169587,0.));
#2364=DIRECTION('center_axis',(0.,0.,1.));
#2365=DIRECTION('ref_axis',(-0.98864949644989,-0.150240384615385,0.));
#2366=DIRECTION('center_axis',(0.,0.,-1.));
#2367=DIRECTION('ref_axis',(-0.98864949644989,-0.150240384615385,0.));
#2368=DIRECTION('center_axis',(0.,0.,-1.));
#2369=DIRECTION('ref_axis',(-0.98864949644989,-0.150240384615385,0.));
#2370=DIRECTION('center_axis',(0.,0.,1.));
#2371=DIRECTION('ref_axis',(0.707106781186546,0.707106781186549,0.));
#2372=DIRECTION('center_axis',(0.,0.,1.));
#2373=DIRECTION('ref_axis',(0.707106781186546,0.707106781186549,0.));
#2374=DIRECTION('',(0.,0.,-1.));
#2375=DIRECTION('center_axis',(0.,0.,-1.));
#2376=DIRECTION('ref_axis',(0.707106781186546,0.707106781186549,0.));
#2377=DIRECTION('',(0.,0.,1.));
#2378=DIRECTION('center_axis',(-4.60001775353557E-30,7.4246411929457E-30,
1.));
#2379=DIRECTION('ref_axis',(0.707106781186546,0.707106781186549,0.));
#2380=DIRECTION('center_axis',(3.32921973266504E-17,1.,0.));
#2381=DIRECTION('ref_axis',(0.,0.,1.));
#2382=DIRECTION('',(-1.,3.32921973266504E-17,0.));
#2383=DIRECTION('',(0.,0.,1.));
#2384=DIRECTION('',(-1.,3.32921973266504E-17,0.));
#2385=DIRECTION('center_axis',(0.,0.,1.));
#2386=DIRECTION('ref_axis',(-0.515160548169588,0.857093699434088,0.));
#2387=DIRECTION('center_axis',(0.,0.,1.));
#2388=DIRECTION('ref_axis',(-0.515160548169588,0.857093699434088,0.));
#2389=DIRECTION('',(0.,0.,-1.));
#2390=DIRECTION('center_axis',(0.,0.,-1.));
#2391=DIRECTION('ref_axis',(-0.515160548169588,0.857093699434088,0.));
#2392=DIRECTION('center_axis',(0.,0.,1.));
#2393=DIRECTION('ref_axis',(-0.15024038461539,0.988649496449889,0.));
#2394=DIRECTION('center_axis',(0.,0.,-1.));
#2395=DIRECTION('ref_axis',(-0.15024038461539,0.988649496449889,0.));
#2396=DIRECTION('center_axis',(0.,0.,-1.));
#2397=DIRECTION('ref_axis',(-0.15024038461539,0.988649496449889,0.));
#2398=DIRECTION('center_axis',(0.,0.,1.));
#2399=DIRECTION('ref_axis',(-0.707106781186547,-0.707106781186548,0.));
#2400=DIRECTION('center_axis',(0.,0.,1.));
#2401=DIRECTION('ref_axis',(-0.707106781186547,-0.707106781186548,0.));
#2402=DIRECTION('',(0.,0.,-1.));
#2403=DIRECTION('center_axis',(0.,0.,-1.));
#2404=DIRECTION('ref_axis',(-0.707106781186547,-0.707106781186548,0.));
#2405=DIRECTION('',(0.,0.,1.));
#2406=DIRECTION('center_axis',(2.47713699590331E-30,-5.9865176327462E-30,
1.));
#2407=DIRECTION('ref_axis',(-0.707106781186547,-0.707106781186548,0.));
#2408=DIRECTION('center_axis',(-3.32921973266504E-17,-1.,0.));
#2409=DIRECTION('ref_axis',(0.,0.,-1.));
#2410=DIRECTION('',(1.,-3.32921973266504E-17,0.));
#2411=DIRECTION('',(0.,0.,1.));
#2412=DIRECTION('',(1.,-3.32921973266504E-17,0.));
#2413=DIRECTION('center_axis',(0.,0.,1.));
#2414=DIRECTION('ref_axis',(0.515160548169588,-0.857093699434087,0.));
#2415=DIRECTION('center_axis',(0.,0.,1.));
#2416=DIRECTION('ref_axis',(0.515160548169588,-0.857093699434087,0.));
#2417=DIRECTION('',(0.,0.,-1.));
#2418=DIRECTION('center_axis',(0.,0.,-1.));
#2419=DIRECTION('ref_axis',(0.515160548169588,-0.857093699434087,0.));
#2420=DIRECTION('center_axis',(0.,0.,1.));
#2421=DIRECTION('ref_axis',(-0.15024038461539,0.988649496449889,0.));
#2422=DIRECTION('center_axis',(0.,0.,-1.));
#2423=DIRECTION('ref_axis',(-0.15024038461539,0.988649496449889,0.));
#2424=DIRECTION('center_axis',(0.,0.,-1.));
#2425=DIRECTION('ref_axis',(-0.15024038461539,0.988649496449889,0.));
#2426=DIRECTION('center_axis',(0.,0.,1.));
#2427=DIRECTION('ref_axis',(-0.707106781186547,0.707106781186548,0.));
#2428=DIRECTION('center_axis',(0.,0.,1.));
#2429=DIRECTION('ref_axis',(-0.707106781186547,0.707106781186548,0.));
#2430=DIRECTION('',(0.,0.,-1.));
#2431=DIRECTION('center_axis',(0.,0.,-1.));
#2432=DIRECTION('ref_axis',(-0.707106781186547,0.707106781186548,0.));
#2433=DIRECTION('',(0.,0.,1.));
#2434=DIRECTION('center_axis',(-5.61875332652614E-30,-3.18344748726932E-30,
1.));
#2435=DIRECTION('ref_axis',(-0.707106781186547,0.707106781186548,0.));
#2436=DIRECTION('center_axis',(-1.,-3.07952825271516E-16,0.));
#2437=DIRECTION('ref_axis',(0.,0.,1.));
#2438=DIRECTION('',(3.07952825271516E-16,-1.,0.));
#2439=DIRECTION('',(0.,0.,1.));
#2440=DIRECTION('',(3.07952825271516E-16,-1.,0.));
#2441=DIRECTION('center_axis',(0.,0.,1.));
#2442=DIRECTION('ref_axis',(-0.857093699434088,-0.515160548169587,0.));
#2443=DIRECTION('center_axis',(0.,0.,1.));
#2444=DIRECTION('ref_axis',(-0.857093699434088,-0.515160548169587,0.));
#2445=DIRECTION('',(0.,0.,-1.));
#2446=DIRECTION('center_axis',(0.,0.,-1.));
#2447=DIRECTION('ref_axis',(-0.857093699434088,-0.515160548169587,0.));
#2448=DIRECTION('center_axis',(0.,0.,1.));
#2449=DIRECTION('ref_axis',(-0.98864949644989,-0.150240384615385,0.));
#2450=DIRECTION('center_axis',(0.,0.,-1.));
#2451=DIRECTION('ref_axis',(-0.98864949644989,-0.150240384615385,0.));
#2452=DIRECTION('center_axis',(0.,0.,-1.));
#2453=DIRECTION('ref_axis',(-0.98864949644989,-0.150240384615385,0.));
#2454=DIRECTION('center_axis',(9.62951984364731E-31,3.14975722777903E-30,
1.));
#2455=DIRECTION('ref_axis',(1.,0.,-9.62951984364731E-31));
#2456=DIRECTION('center_axis',(-4.60001775353557E-30,7.4246411929457E-30,
1.));
#2457=DIRECTION('ref_axis',(1.,0.,4.60001775353557E-30));
#2458=DIRECTION('',(0.,1.,-7.4246411929457E-30));
#2459=DIRECTION('center_axis',(-4.60001775353557E-30,7.4246411929457E-30,
1.));
#2460=DIRECTION('ref_axis',(0.707106781186546,-0.70710678118655,0.));
#2461=DIRECTION('',(1.,0.,4.60001775353557E-30));
#2462=DIRECTION('center_axis',(-5.61875332652614E-30,-3.18344748726932E-30,
1.));
#2463=DIRECTION('ref_axis',(1.,0.,5.61875332652614E-30));
#2464=DIRECTION('',(-1.,0.,-5.61875332652614E-30));
#2465=DIRECTION('center_axis',(-5.61875332652614E-30,-3.18344748726932E-30,
1.));
#2466=DIRECTION('ref_axis',(0.707106781186548,0.707106781186548,0.));
#2467=DIRECTION('',(0.,1.,3.18344748726932E-30));
#2468=DIRECTION('center_axis',(2.47713699590331E-30,-5.9865176327462E-30,
1.));
#2469=DIRECTION('ref_axis',(1.,0.,-2.47713699590331E-30));
#2470=DIRECTION('',(-3.26228844957692E-16,-1.,-5.9865176327462E-30));
#2471=DIRECTION('center_axis',(2.47713699590331E-30,-5.9865176327462E-30,
1.));
#2472=DIRECTION('ref_axis',(-0.707106781186546,0.70710678118655,0.));
#2473=DIRECTION('',(-1.,0.,2.47713699590331E-30));
#2474=DIRECTION('center_axis',(0.,-1.,0.));
#2475=DIRECTION('ref_axis',(0.,0.,-1.));
#2476=DIRECTION('',(0.,0.,1.));
#2477=DIRECTION('',(1.,0.,0.));
#2478=DIRECTION('center_axis',(0.,0.,1.));
#2479=DIRECTION('ref_axis',(0.707106781186546,-0.70710678118655,0.));
#2480=DIRECTION('',(0.,0.,-1.));
#2481=DIRECTION('center_axis',(0.,0.,-1.));
#2482=DIRECTION('ref_axis',(0.707106781186546,-0.70710678118655,0.));
#2483=DIRECTION('center_axis',(1.,0.,0.));
#2484=DIRECTION('ref_axis',(0.,0.,-1.));
#2485=DIRECTION('',(0.,1.,0.));
#2486=DIRECTION('center_axis',(1.,0.,0.));
#2487=DIRECTION('ref_axis',(0.,0.,-1.));
#2488=DIRECTION('',(0.,0.,1.));
#2489=DIRECTION('',(0.,1.,0.));
#2490=DIRECTION('center_axis',(0.,0.,1.));
#2491=DIRECTION('ref_axis',(0.707106781186548,0.707106781186548,0.));
#2492=DIRECTION('',(0.,0.,-1.));
#2493=DIRECTION('center_axis',(0.,0.,-1.));
#2494=DIRECTION('ref_axis',(0.707106781186548,0.707106781186548,0.));
#2495=DIRECTION('center_axis',(0.,1.,0.));
#2496=DIRECTION('ref_axis',(0.,0.,1.));
#2497=DIRECTION('',(-1.,0.,0.));
#2498=DIRECTION('center_axis',(0.,1.,0.));
#2499=DIRECTION('ref_axis',(0.,0.,1.));
#2500=DIRECTION('',(0.,0.,1.));
#2501=DIRECTION('',(-1.,0.,0.));
#2502=DIRECTION('center_axis',(0.,0.,1.));
#2503=DIRECTION('ref_axis',(-0.707106781186546,0.70710678118655,0.));
#2504=DIRECTION('',(0.,0.,-1.));
#2505=DIRECTION('center_axis',(0.,0.,-1.));
#2506=DIRECTION('ref_axis',(-0.707106781186546,0.70710678118655,0.));
#2507=DIRECTION('center_axis',(-1.,3.26228844957692E-16,0.));
#2508=DIRECTION('ref_axis',(0.,0.,1.));
#2509=DIRECTION('',(-3.26228844957692E-16,-1.,0.));
#2510=DIRECTION('center_axis',(0.,0.,1.));
#2511=DIRECTION('ref_axis',(1.,0.,0.));
#2512=DIRECTION('center_axis',(0.,0.,-1.));
#2513=DIRECTION('ref_axis',(-1.3987061727561E-15,1.,0.));
#2514=DIRECTION('',(0.,-1.,0.));
#2515=DIRECTION('center_axis',(0.,0.,-1.));
#2516=DIRECTION('ref_axis',(-1.,0.,0.));
#2517=DIRECTION('',(1.,-1.3987061727561E-16,0.));
#2518=DIRECTION('center_axis',(0.,0.,-1.));
#2519=DIRECTION('ref_axis',(0.,-1.,0.));
#2520=DIRECTION('',(-2.09805925913415E-16,1.,0.));
#2521=DIRECTION('center_axis',(0.,0.,-1.));
#2522=DIRECTION('ref_axis',(1.,0.,0.));
#2523=DIRECTION('center_axis',(0.,0.,1.));
#2524=DIRECTION('ref_axis',(-1.,0.,0.));
#2525=DIRECTION('center_axis',(0.,0.,-1.));
#2526=DIRECTION('ref_axis',(-1.,0.,0.));
#2527=DIRECTION('center_axis',(0.,0.,-1.));
#2528=DIRECTION('ref_axis',(-1.,0.,0.));
#2529=DIRECTION('center_axis',(0.,0.,-1.));
#2530=DIRECTION('ref_axis',(-1.,0.,0.));
#2531=DIRECTION('center_axis',(0.,0.,-1.));
#2532=DIRECTION('ref_axis',(-1.,0.,0.));
#2533=DIRECTION('center_axis',(0.,0.,-1.));
#2534=DIRECTION('ref_axis',(-1.,0.,0.));
#2535=DIRECTION('center_axis',(0.,0.,-1.));
#2536=DIRECTION('ref_axis',(-1.,0.,0.));
#2537=DIRECTION('center_axis',(0.,0.,-1.));
#2538=DIRECTION('ref_axis',(-1.,0.,0.));
#2539=DIRECTION('center_axis',(0.,0.,-1.));
#2540=DIRECTION('ref_axis',(-1.,0.,0.));
#2541=DIRECTION('',(0.,0.,1.));
#2542=DIRECTION('center_axis',(0.,0.,-1.));
#2543=DIRECTION('ref_axis',(-1.,0.,0.));
#2544=DIRECTION('',(0.,0.,1.));
#2545=DIRECTION('center_axis',(0.,0.,-1.));
#2546=DIRECTION('ref_axis',(-1.,0.,0.));
#2547=DIRECTION('center_axis',(0.,0.,-1.));
#2548=DIRECTION('ref_axis',(-1.,0.,0.));
#2549=DIRECTION('center_axis',(0.,0.,-1.));
#2550=DIRECTION('ref_axis',(-1.,0.,0.));
#2551=DIRECTION('center_axis',(0.,0.,-1.));
#2552=DIRECTION('ref_axis',(-1.,0.,0.));
#2553=DIRECTION('',(0.,0.,1.));
#2554=DIRECTION('center_axis',(0.,0.,-1.));
#2555=DIRECTION('ref_axis',(-1.,0.,0.));
#2556=DIRECTION('',(0.,0.,1.));
#2557=DIRECTION('center_axis',(0.,0.,-1.));
#2558=DIRECTION('ref_axis',(-1.,0.,0.));
#2559=DIRECTION('center_axis',(0.,0.,-1.));
#2560=DIRECTION('ref_axis',(-1.,0.,0.));
#2561=DIRECTION('center_axis',(0.,0.,-1.));
#2562=DIRECTION('ref_axis',(-1.,0.,0.));
#2563=DIRECTION('center_axis',(0.,0.,-1.));
#2564=DIRECTION('ref_axis',(-1.,0.,0.));
#2565=DIRECTION('',(0.,0.,1.));
#2566=DIRECTION('center_axis',(0.,0.,-1.));
#2567=DIRECTION('ref_axis',(-1.,0.,0.));
#2568=DIRECTION('',(0.,0.,1.));
#2569=DIRECTION('center_axis',(0.,0.,-1.));
#2570=DIRECTION('ref_axis',(-1.,0.,0.));
#2571=DIRECTION('center_axis',(0.,0.,-1.));
#2572=DIRECTION('ref_axis',(-1.,0.,0.));
#2573=DIRECTION('center_axis',(0.,0.,-1.));
#2574=DIRECTION('ref_axis',(-1.,0.,0.));
#2575=DIRECTION('center_axis',(0.,0.,-1.));
#2576=DIRECTION('ref_axis',(-1.,0.,0.));
#2577=DIRECTION('',(0.,0.,1.));
#2578=DIRECTION('center_axis',(0.,0.,-1.));
#2579=DIRECTION('ref_axis',(-1.,0.,0.));
#2580=DIRECTION('',(0.,0.,1.));
#2581=DIRECTION('center_axis',(0.,0.,1.));
#2582=DIRECTION('ref_axis',(1.,0.,0.));
#2583=DIRECTION('',(0.,0.,1.));
#2584=DIRECTION('center_axis',(0.,0.,-1.));
#2585=DIRECTION('ref_axis',(1.,0.,0.));
#2586=DIRECTION('center_axis',(-2.43960378969088E-16,1.,0.));
#2587=DIRECTION('ref_axis',(0.,0.,1.));
#2588=DIRECTION('',(0.,0.,1.));
#2589=DIRECTION('',(1.,2.43960378969088E-16,0.));
#2590=DIRECTION('center_axis',(0.,0.,1.));
#2591=DIRECTION('ref_axis',(0.,-1.,0.));
#2592=DIRECTION('',(0.,0.,1.));
#2593=DIRECTION('center_axis',(0.,0.,-1.));
#2594=DIRECTION('ref_axis',(0.,-1.,0.));
#2595=DIRECTION('center_axis',(1.,1.62640252646058E-16,0.));
#2596=DIRECTION('ref_axis',(0.,0.,-1.));
#2597=DIRECTION('',(0.,0.,1.));
#2598=DIRECTION('',(1.62640252646058E-16,-1.,0.));
#2599=DIRECTION('center_axis',(0.,0.,1.));
#2600=DIRECTION('ref_axis',(-1.,0.,0.));
#2601=DIRECTION('center_axis',(0.,0.,-1.));
#2602=DIRECTION('ref_axis',(-1.,0.,0.));
#2603=DIRECTION('center_axis',(0.,0.,1.));
#2604=DIRECTION('ref_axis',(-1.3987061727561E-15,1.,0.));
#2605=DIRECTION('',(0.,0.,1.));
#2606=DIRECTION('center_axis',(1.,0.,0.));
#2607=DIRECTION('ref_axis',(0.,0.,-1.));
#2608=DIRECTION('',(0.,0.,1.));
#2609=DIRECTION('center_axis',(0.,0.,1.));
#2610=DIRECTION('ref_axis',(-1.,0.,0.));
#2611=DIRECTION('',(0.,0.,1.));
#2612=DIRECTION('center_axis',(1.3987061727561E-16,1.,0.));
#2613=DIRECTION('ref_axis',(0.,0.,1.));
#2614=DIRECTION('',(0.,0.,1.));
#2615=DIRECTION('center_axis',(0.,0.,1.));
#2616=DIRECTION('ref_axis',(-1.,0.,0.));
#2617=DIRECTION('center_axis',(0.,0.,1.));
#2618=DIRECTION('ref_axis',(-1.,0.,0.));
#2619=DIRECTION('',(0.,0.,1.));
#2620=DIRECTION('center_axis',(0.,0.,1.));
#2621=DIRECTION('ref_axis',(1.,0.,0.));
#2622=DIRECTION('',(0.,0.,1.));
#2623=DIRECTION('center_axis',(-1.,-2.09805925913415E-16,0.));
#2624=DIRECTION('ref_axis',(0.,0.,1.));
#2625=DIRECTION('',(0.,0.,1.));
#2626=DIRECTION('center_axis',(0.,0.,1.));
#2627=DIRECTION('ref_axis',(0.,-1.,0.));
#2628=DIRECTION('center_axis',(0.,0.,1.));
#2629=DIRECTION('ref_axis',(1.,0.,0.));
#2630=CARTESIAN_POINT('',(0.,0.,0.));
#2631=CARTESIAN_POINT('Origin',(-2.05,-1.925,1.9));
#2632=CARTESIAN_POINT('',(-2.05,-2.05,2.025));
#2633=CARTESIAN_POINT('',(-2.175,-2.05,1.9));
#2634=CARTESIAN_POINT('Origin',(-2.05,-2.05,1.9));
#2635=CARTESIAN_POINT('',(-2.175,-1.52855339059327,1.9));
#2636=CARTESIAN_POINT('',(-2.175,-1.925,1.9));
#2637=CARTESIAN_POINT('',(-2.05,-1.47677669529664,2.025));
#2638=CARTESIAN_POINT('Origin',(-2.05,-1.65355339059327,1.9));
#2639=CARTESIAN_POINT('',(-2.05,-1.925,2.025));
#2640=CARTESIAN_POINT('Origin',(-0.853124999999999,-2.05,1.9));
#2641=CARTESIAN_POINT('',(-2.05,-2.175,1.9));
#2642=CARTESIAN_POINT('Origin',(-2.05,-2.05,1.9));
#2643=CARTESIAN_POINT('',(-1.47677669529663,-2.05,2.025));
#2644=CARTESIAN_POINT('',(-0.853124999999999,-2.05,2.025));
#2645=CARTESIAN_POINT('',(-1.52855339059327,-2.175,1.9));
#2646=CARTESIAN_POINT('Origin',(-1.65355339059327,-2.05,1.9));
#2647=CARTESIAN_POINT('',(-0.853124999999999,-2.175,1.9));
#2648=CARTESIAN_POINT('Origin',(-2.05,-2.05,1.9));
#2649=CARTESIAN_POINT('Origin',(-2.05,-2.05,1.9));
#2650=CARTESIAN_POINT('Origin',(-2.05,-2.05,0.));
#2651=CARTESIAN_POINT('',(-2.05,-2.175,0.5));
#2652=CARTESIAN_POINT('',(-2.05,-2.175,0.));
#2653=CARTESIAN_POINT('',(-2.175,-2.05,0.5));
#2654=CARTESIAN_POINT('Origin',(-2.05,-2.05,0.5));
#2655=CARTESIAN_POINT('',(-2.175,-2.05,0.));
#2656=CARTESIAN_POINT('Origin',(-0.0312500000000004,-2.175,0.));
#2657=CARTESIAN_POINT('',(-1.175,-2.175,2.15));
#2658=CARTESIAN_POINT('',(-1.5799726423998,-2.175,1.86364109836407));
#2659=CARTESIAN_POINT('',(-1.175,-2.175,2.725));
#2660=CARTESIAN_POINT('',(-1.175,-2.175,1.3625));
#2661=CARTESIAN_POINT('',(-0.15625,-2.175,2.725));
#2662=CARTESIAN_POINT('',(-0.782991142601864,-2.175,2.725));
#2663=CARTESIAN_POINT('',(-0.15625,-2.175,0.5));
#2664=CARTESIAN_POINT('',(-0.15625,-2.175,0.));
#2665=CARTESIAN_POINT('',(-0.0156250000000003,-2.175,0.5));
#2666=CARTESIAN_POINT('Origin',(-0.294066212782088,-0.15625,0.));
#2667=CARTESIAN_POINT('',(-0.183680997773796,-0.0975975975975976,2.85));
#2668=CARTESIAN_POINT('',(-0.294066212782088,-0.03125,2.85));
#2669=CARTESIAN_POINT('Origin',(-0.294066212782088,-0.15625,2.85));
#2670=CARTESIAN_POINT('',(-0.294066212782088,-0.03125,0.5));
#2671=CARTESIAN_POINT('',(-0.294066212782088,-0.03125,0.));
#2672=CARTESIAN_POINT('',(-0.183680997773796,-0.0975975975975976,0.5));
#2673=CARTESIAN_POINT('Origin',(-0.294066212782088,-0.15625,0.5));
#2674=CARTESIAN_POINT('',(-0.183680997773796,-0.0975975975975976,0.));
#2675=CARTESIAN_POINT('Origin',(-2.175,-0.0312500000000001,0.));
#2676=CARTESIAN_POINT('',(-2.05,-0.0312500000000001,2.85));
#2677=CARTESIAN_POINT('',(-1.0875,-0.03125,2.85));
#2678=CARTESIAN_POINT('',(-2.05,-0.0312500000000001,0.5));
#2679=CARTESIAN_POINT('',(-2.05,-0.0312500000000001,0.));
#2680=CARTESIAN_POINT('',(-1.0875,-0.03125,0.5));
#2681=CARTESIAN_POINT('Origin',(-2.05,-0.15625,0.));
#2682=CARTESIAN_POINT('',(-2.17133539200952,-0.126204656835097,2.85));
#2683=CARTESIAN_POINT('Origin',(-2.05,-0.15625,2.85));
#2684=CARTESIAN_POINT('',(-2.17133539200952,-0.126204656835102,2.725));
#2685=CARTESIAN_POINT('',(-2.17133539200952,-0.126204656835097,2.85));
#2686=CARTESIAN_POINT('',(-2.175,-0.15625,2.725));
#2687=CARTESIAN_POINT('Origin',(-2.05,-0.15625,2.725));
#2688=CARTESIAN_POINT('',(-2.175,-0.15625,0.5));
#2689=CARTESIAN_POINT('',(-2.175,-0.15625,0.));
#2690=CARTESIAN_POINT('Origin',(-2.05,-0.15625,0.5));
#2691=CARTESIAN_POINT('Origin',(0.,0.,2.85));
#2692=CARTESIAN_POINT('',(-0.126204656835099,-2.17133539200952,2.85));
#2693=CARTESIAN_POINT('Origin',(0.,0.,2.85));
#2694=CARTESIAN_POINT('',(-0.126204656835099,-2.17133539200952,2.725));
#2695=CARTESIAN_POINT('',(-0.126204656835099,-2.17133539200952,2.85));
#2696=CARTESIAN_POINT('Origin',(0.,0.,2.725));
#2697=CARTESIAN_POINT('Origin',(0.156250000000001,-0.294066212782087,0.));
#2698=CARTESIAN_POINT('',(0.0975975975975982,-0.183680997773796,2.85));
#2699=CARTESIAN_POINT('',(0.031250000000001,-0.294066212782087,2.85));
#2700=CARTESIAN_POINT('Origin',(0.156250000000001,-0.294066212782087,2.85));
#2701=CARTESIAN_POINT('',(0.031250000000001,-0.294066212782087,0.5));
#2702=CARTESIAN_POINT('',(0.031250000000001,-0.294066212782087,0.));
#2703=CARTESIAN_POINT('',(0.0975975975975982,-0.183680997773796,0.5));
#2704=CARTESIAN_POINT('Origin',(0.156250000000001,-0.294066212782087,0.5));
#2705=CARTESIAN_POINT('',(0.0975975975975982,-0.183680997773796,0.));
#2706=CARTESIAN_POINT('Origin',(0.0312500000000004,-2.175,0.));
#2707=CARTESIAN_POINT('',(0.0312500000000005,-2.05,2.85));
#2708=CARTESIAN_POINT('',(0.0312500000000008,-1.0875,2.85));
#2709=CARTESIAN_POINT('',(0.0312500000000005,-2.05,0.5));
#2710=CARTESIAN_POINT('',(0.0312500000000005,-2.05,0.));
#2711=CARTESIAN_POINT('',(0.0312500000000008,-1.0875,0.5));
#2712=CARTESIAN_POINT('Origin',(0.15625,-2.05,0.));
#2713=CARTESIAN_POINT('',(0.126204656835098,-2.17133539200952,2.85));
#2714=CARTESIAN_POINT('Origin',(0.15625,-2.05,2.85));
#2715=CARTESIAN_POINT('',(0.126204656835097,-2.17133539200952,2.725));
#2716=CARTESIAN_POINT('',(0.126204656835098,-2.17133539200952,2.85));
#2717=CARTESIAN_POINT('',(0.15625,-2.175,2.725));
#2718=CARTESIAN_POINT('Origin',(0.15625,-2.05,2.725));
#2719=CARTESIAN_POINT('',(0.15625,-2.175,0.5));
#2720=CARTESIAN_POINT('',(0.15625,-2.175,0.));
#2721=CARTESIAN_POINT('Origin',(0.15625,-2.05,0.5));
#2722=CARTESIAN_POINT('Origin',(0.,0.,2.85));
#2723=CARTESIAN_POINT('',(2.17133539200952,-0.126204656835097,2.85));
#2724=CARTESIAN_POINT('Origin',(0.,0.,2.85));
#2725=CARTESIAN_POINT('',(2.17133539200952,-0.126204656835097,2.725));
#2726=CARTESIAN_POINT('',(2.17133539200952,-0.126204656835097,2.85));
#2727=CARTESIAN_POINT('Origin',(0.,0.,2.725));
#2728=CARTESIAN_POINT('Origin',(-0.156250000000001,0.294066212782087,0.));
#2729=CARTESIAN_POINT('',(-0.0975975975975982,0.183680997773796,2.85));
#2730=CARTESIAN_POINT('',(-0.031250000000001,0.294066212782087,2.85));
#2731=CARTESIAN_POINT('Origin',(-0.156250000000001,0.294066212782087,2.85));
#2732=CARTESIAN_POINT('',(-0.031250000000001,0.294066212782087,0.5));
#2733=CARTESIAN_POINT('',(-0.031250000000001,0.294066212782087,0.));
#2734=CARTESIAN_POINT('',(-0.0975975975975982,0.183680997773796,0.5));
#2735=CARTESIAN_POINT('Origin',(-0.156250000000001,0.294066212782087,0.5));
#2736=CARTESIAN_POINT('',(-0.0975975975975982,0.183680997773796,0.));
#2737=CARTESIAN_POINT('Origin',(-0.0312500000000004,2.175,0.));
#2738=CARTESIAN_POINT('',(-0.0312500000000005,2.05,2.85));
#2739=CARTESIAN_POINT('',(-0.0312500000000008,1.0875,2.85));
#2740=CARTESIAN_POINT('',(-0.0312500000000005,2.05,0.5));
#2741=CARTESIAN_POINT('',(-0.0312500000000005,2.05,0.));
#2742=CARTESIAN_POINT('',(-0.0312500000000008,1.0875,0.5));
#2743=CARTESIAN_POINT('Origin',(-0.15625,2.05,0.));
#2744=CARTESIAN_POINT('',(-0.126204656835097,2.17133539200952,2.85));
#2745=CARTESIAN_POINT('Origin',(-0.15625,2.05,2.85));
#2746=CARTESIAN_POINT('',(-0.126204656835097,2.17133539200952,2.725));
#2747=CARTESIAN_POINT('',(-0.126204656835097,2.17133539200952,2.85));
#2748=CARTESIAN_POINT('',(-0.15625,2.175,2.725));
#2749=CARTESIAN_POINT('Origin',(-0.15625,2.05,2.725));
#2750=CARTESIAN_POINT('',(-0.15625,2.175,0.5));
#2751=CARTESIAN_POINT('',(-0.15625,2.175,0.));
#2752=CARTESIAN_POINT('Origin',(-0.15625,2.05,0.5));
#2753=CARTESIAN_POINT('Origin',(0.,0.,2.85));
#2754=CARTESIAN_POINT('',(-2.17133539200952,0.126204656835103,2.85));
#2755=CARTESIAN_POINT('Origin',(0.,0.,2.85));
#2756=CARTESIAN_POINT('',(-2.17133539200952,0.126204656835103,2.725));
#2757=CARTESIAN_POINT('',(-2.17133539200952,0.126204656835103,2.85));
#2758=CARTESIAN_POINT('Origin',(0.,0.,2.725));
#2759=CARTESIAN_POINT('Origin',(0.294066212782088,0.15625,0.));
#2760=CARTESIAN_POINT('',(0.183680997773796,0.0975975975975976,2.85));
#2761=CARTESIAN_POINT('',(0.294066212782088,0.03125,2.85));
#2762=CARTESIAN_POINT('Origin',(0.294066212782088,0.15625,2.85));
#2763=CARTESIAN_POINT('',(0.294066212782088,0.03125,0.5));
#2764=CARTESIAN_POINT('',(0.294066212782088,0.03125,0.));
#2765=CARTESIAN_POINT('',(0.183680997773796,0.0975975975975976,0.5));
#2766=CARTESIAN_POINT('Origin',(0.294066212782088,0.15625,0.5));
#2767=CARTESIAN_POINT('',(0.183680997773796,0.0975975975975976,0.));
#2768=CARTESIAN_POINT('Origin',(2.175,0.0312500000000001,0.));
#2769=CARTESIAN_POINT('',(2.05,0.0312500000000001,2.85));
#2770=CARTESIAN_POINT('',(1.0875,0.03125,2.85));
#2771=CARTESIAN_POINT('',(2.05,0.0312500000000001,0.5));
#2772=CARTESIAN_POINT('',(2.05,0.0312500000000001,0.));
#2773=CARTESIAN_POINT('',(1.0875,0.03125,0.5));
#2774=CARTESIAN_POINT('Origin',(2.05,0.15625,0.));
#2775=CARTESIAN_POINT('',(2.17133539200952,0.126204656835097,2.85));
#2776=CARTESIAN_POINT('Origin',(2.05,0.15625,2.85));
#2777=CARTESIAN_POINT('',(2.17133539200952,0.126204656835097,2.725));
#2778=CARTESIAN_POINT('',(2.17133539200952,0.126204656835097,2.85));
#2779=CARTESIAN_POINT('',(2.175,0.15625,2.725));
#2780=CARTESIAN_POINT('Origin',(2.05,0.15625,2.725));
#2781=CARTESIAN_POINT('',(2.175,0.15625,0.5));
#2782=CARTESIAN_POINT('',(2.175,0.15625,0.));
#2783=CARTESIAN_POINT('Origin',(2.05,0.15625,0.5));
#2784=CARTESIAN_POINT('Origin',(0.,0.,2.85));
#2785=CARTESIAN_POINT('',(0.126204656835099,2.17133539200952,2.85));
#2786=CARTESIAN_POINT('Origin',(0.,0.,2.85));
#2787=CARTESIAN_POINT('',(0.126204656835099,2.17133539200952,2.725));
#2788=CARTESIAN_POINT('',(0.126204656835099,2.17133539200952,2.85));
#2789=CARTESIAN_POINT('Origin',(0.,0.,2.725));
#2790=CARTESIAN_POINT('Origin',(-1.575,-2.625,1.425));
#2791=CARTESIAN_POINT('',(-1.7,-2.625,2.65));
#2792=CARTESIAN_POINT('',(-1.575,-2.75,2.65));
#2793=CARTESIAN_POINT('Origin',(-1.575,-2.625,2.65));
#2794=CARTESIAN_POINT('',(-1.575,-2.75,2.85));
#2795=CARTESIAN_POINT('',(-1.575,-2.75,1.425));
#2796=CARTESIAN_POINT('',(-1.7,-2.625,2.85));
#2797=CARTESIAN_POINT('Origin',(-1.575,-2.625,2.85));
#2798=CARTESIAN_POINT('',(-1.7,-2.625,1.425));
#2799=CARTESIAN_POINT('Origin',(2.5,-2.75,0.));
#2800=CARTESIAN_POINT('',(2.5,-2.75,2.65));
#2801=CARTESIAN_POINT('',(1.25,-2.75,2.65));
#2802=CARTESIAN_POINT('',(2.5,-2.75,2.85));
#2803=CARTESIAN_POINT('',(2.5,-2.75,0.));
#2804=CARTESIAN_POINT('',(2.5,-2.75,2.85));
#2805=CARTESIAN_POINT('Origin',(-4.37095678986282E-17,3.44212847201697E-16,
2.65));
#2806=CARTESIAN_POINT('',(-1.7,-2.,2.65));
#2807=CARTESIAN_POINT('',(-1.7,-1.,2.65));
#2808=CARTESIAN_POINT('',(-2.3,-2.,2.65));
#2809=CARTESIAN_POINT('Origin',(-2.,-2.,2.65));
#2810=CARTESIAN_POINT('',(-2.3,-2.625,2.65));
#2811=CARTESIAN_POINT('',(-2.3,-1.375,2.65));
#2812=CARTESIAN_POINT('',(-2.425,-2.75,2.65));
#2813=CARTESIAN_POINT('Origin',(-2.425,-2.625,2.65));
#2814=CARTESIAN_POINT('',(-2.5,-2.75,2.65));
#2815=CARTESIAN_POINT('',(1.25,-2.75,2.65));
#2816=CARTESIAN_POINT('',(-2.75,-2.5,2.65));
#2817=CARTESIAN_POINT('Origin',(-2.5,-2.5,2.65));
#2818=CARTESIAN_POINT('',(-2.75,2.5,2.65));
#2819=CARTESIAN_POINT('',(-2.75,-1.25,2.65));
#2820=CARTESIAN_POINT('',(-2.5,2.75,2.65));
#2821=CARTESIAN_POINT('Origin',(-2.5,2.5,2.65));
#2822=CARTESIAN_POINT('',(2.5,2.75,2.65));
#2823=CARTESIAN_POINT('',(-1.25,2.75,2.65));
#2824=CARTESIAN_POINT('',(2.75,2.5,2.65));
#2825=CARTESIAN_POINT('Origin',(2.5,2.5,2.65));
#2826=CARTESIAN_POINT('',(2.75,-2.5,2.65));
#2827=CARTESIAN_POINT('',(2.75,1.25,2.65));
#2828=CARTESIAN_POINT('Origin',(2.5,-2.5,2.65));
#2829=CARTESIAN_POINT('',(-2.275,2.15,2.65));
#2830=CARTESIAN_POINT('',(-2.15,2.275,2.65));
#2831=CARTESIAN_POINT('Origin',(-2.15,2.15,2.65));
#2832=CARTESIAN_POINT('',(-2.275,-1.28713203435596,2.65));
#2833=CARTESIAN_POINT('',(-2.275,-1.075,2.65));
#2834=CARTESIAN_POINT('',(-1.28713203435596,-2.275,2.65));
#2835=CARTESIAN_POINT('',(-2.275,-1.28713203435596,2.65));
#2836=CARTESIAN_POINT('',(2.15,-2.275,2.65));
#2837=CARTESIAN_POINT('',(1.075,-2.275,2.65));
#2838=CARTESIAN_POINT('',(2.275,-2.15,2.65));
#2839=CARTESIAN_POINT('Origin',(2.15,-2.15,2.65));
#2840=CARTESIAN_POINT('',(2.275,2.15,2.65));
#2841=CARTESIAN_POINT('',(2.275,1.075,2.65));
#2842=CARTESIAN_POINT('',(2.15,2.275,2.65));
#2843=CARTESIAN_POINT('Origin',(2.15,2.15,2.65));
#2844=CARTESIAN_POINT('',(-1.075,2.275,2.65));
#2845=CARTESIAN_POINT('',(2.6565,2.5,2.65));
#2846=CARTESIAN_POINT('Origin',(2.5,2.5,2.65));
#2847=CARTESIAN_POINT('',(-2.3435,2.5,2.65));
#2848=CARTESIAN_POINT('Origin',(-2.5,2.5,2.65));
#2849=CARTESIAN_POINT('',(-2.3435,-2.5,2.65));
#2850=CARTESIAN_POINT('Origin',(-2.5,-2.5,2.65));
#2851=CARTESIAN_POINT('',(2.6565,-2.5,2.65));
#2852=CARTESIAN_POINT('Origin',(2.5,-2.5,2.65));
#2853=CARTESIAN_POINT('Origin',(-2.425,-2.625,1.425));
#2854=CARTESIAN_POINT('',(-2.3,-2.625,2.85));
#2855=CARTESIAN_POINT('',(-2.425,-2.75,2.85));
#2856=CARTESIAN_POINT('Origin',(-2.425,-2.625,2.85));
#2857=CARTESIAN_POINT('',(-2.425,-2.75,1.425));
#2858=CARTESIAN_POINT('',(-2.3,-2.625,1.425));
#2859=CARTESIAN_POINT('Origin',(2.5,-2.75,0.));
#2860=CARTESIAN_POINT('',(-2.5,-2.75,2.85));
#2861=CARTESIAN_POINT('',(2.5,-2.75,2.85));
#2862=CARTESIAN_POINT('',(-2.5,-2.75,0.));
#2863=CARTESIAN_POINT('Origin',(-2.3,-2.75,2.85));
#2864=CARTESIAN_POINT('',(-2.3,-2.,2.85));
#2865=CARTESIAN_POINT('',(-2.3,-2.,2.85));
#2866=CARTESIAN_POINT('',(-2.3,-1.375,2.85));
#2867=CARTESIAN_POINT('Origin',(-1.7,-2.,2.85));
#2868=CARTESIAN_POINT('',(-1.7,-2.,2.85));
#2869=CARTESIAN_POINT('',(-1.7,-1.,2.85));
#2870=CARTESIAN_POINT('',(-1.7,-2.,2.85));
#2871=CARTESIAN_POINT('Origin',(-2.,-2.,2.85));
#2872=CARTESIAN_POINT('Origin',(-2.,-2.,2.85));
#2873=CARTESIAN_POINT('Origin',(-1.96919417382416,-1.46919417382416,2.0875));
#2874=CARTESIAN_POINT('',(-2.175,-1.175,2.15));
#2875=CARTESIAN_POINT('',(-2.175,-2.12788930906647,1.47620550783894));
#2876=CARTESIAN_POINT('',(-1.925,-1.425,2.15));
#2877=CARTESIAN_POINT('',(-2.01338834764832,-1.51338834764832,2.025));
#2878=CARTESIAN_POINT('Origin',(-2.175,-1.175,2.725));
#2879=CARTESIAN_POINT('',(-2.175,-1.175,2.725));
#2880=CARTESIAN_POINT('',(-2.175,-1.175,1.3625));
#2881=CARTESIAN_POINT('',(-1.925,-1.425,2.725));
#2882=CARTESIAN_POINT('Origin',(0.184466991411009,-2.2125,2.0875));
#2883=CARTESIAN_POINT('',(-1.28713203435596,-2.275,2.025));
#2884=CARTESIAN_POINT('',(-1.41213203435596,-2.15,2.15));
#2885=CARTESIAN_POINT('',(-1.49615485194281,-2.06597718241315,2.23402281758685));
#2886=CARTESIAN_POINT('',(-2.15,-2.15,2.15));
#2887=CARTESIAN_POINT('',(0.184466991411009,-2.15,2.15));
#2888=CARTESIAN_POINT('',(-2.15,-2.275,2.025));
#2889=CARTESIAN_POINT('',(-2.15,-2.15,2.15));
#2890=CARTESIAN_POINT('',(0.184466991411009,-2.275,2.025));
#2891=CARTESIAN_POINT('Origin',(-2.2125,-1.96553300858899,2.0875));
#2892=CARTESIAN_POINT('',(-2.15,-1.41213203435596,2.15));
#2893=CARTESIAN_POINT('',(-2.275,-1.28713203435596,2.025));
#2894=CARTESIAN_POINT('',(-2.03693317096116,-1.5251988633948,2.26306682903884));
#2895=CARTESIAN_POINT('',(-2.275,-2.15,2.025));
#2896=CARTESIAN_POINT('',(-2.275,-1.96553300858899,2.025));
#2897=CARTESIAN_POINT('',(-2.275,-2.15,2.025));
#2898=CARTESIAN_POINT('',(-2.15,-1.96553300858899,2.15));
#2899=CARTESIAN_POINT('Origin',(-2.15,-2.15,2.025));
#2900=CARTESIAN_POINT('Origin',(-2.15,-2.15,2.025));
#2901=CARTESIAN_POINT('Origin',(2.15,-2.275,0.));
#2902=CARTESIAN_POINT('',(-1.28713203435596,-2.275,1.325));
#2903=CARTESIAN_POINT('',(-2.15,-2.275,0.5));
#2904=CARTESIAN_POINT('',(-2.15,-2.275,0.));
#2905=CARTESIAN_POINT('',(2.15,-2.275,0.5));
#2906=CARTESIAN_POINT('',(1.075,-2.275,0.5));
#2907=CARTESIAN_POINT('',(2.15,-2.275,0.));
#2908=CARTESIAN_POINT('Origin',(-2.15,-2.15,0.));
#2909=CARTESIAN_POINT('',(-2.275,-2.15,0.5));
#2910=CARTESIAN_POINT('',(-2.275,-2.15,0.));
#2911=CARTESIAN_POINT('Origin',(-2.15,-2.15,0.5));
#2912=CARTESIAN_POINT('Origin',(-2.275,-2.15,0.));
#2913=CARTESIAN_POINT('',(-2.275,-1.28713203435596,1.325));
#2914=CARTESIAN_POINT('',(-2.275,2.15,0.5));
#2915=CARTESIAN_POINT('',(-2.275,2.15,0.));
#2916=CARTESIAN_POINT('',(-2.275,-1.075,0.5));
#2917=CARTESIAN_POINT('Origin',(-2.275,-1.28713203435596,2.65));
#2918=CARTESIAN_POINT('',(-2.275,-1.28713203435596,2.15));
#2919=CARTESIAN_POINT('Origin',(-1.78106601717798,-1.78106601717798,2.15));
#2920=CARTESIAN_POINT('Origin',(-1.675,-1.675,2.025));
#2921=CARTESIAN_POINT('Origin',(-2.175,-2.175,0.));
#2922=CARTESIAN_POINT('',(-2.175,-1.0875,0.5));
#2923=CARTESIAN_POINT('',(-2.175,-1.85486614260186,2.725));
#2924=CARTESIAN_POINT('Origin',(-0.15625,-2.05,0.));
#2925=CARTESIAN_POINT('',(-0.0312500000000005,-2.05,2.85));
#2926=CARTESIAN_POINT('Origin',(-0.15625,-2.05,2.85));
#2927=CARTESIAN_POINT('',(-0.0312500000000005,-2.05,0.5));
#2928=CARTESIAN_POINT('',(-0.0312500000000005,-2.05,0.));
#2929=CARTESIAN_POINT('Origin',(-0.15625,-2.05,0.5));
#2930=CARTESIAN_POINT('Origin',(-0.15625,-2.05,2.725));
#2931=CARTESIAN_POINT('Origin',(-0.031250000000001,-0.205639095261577,0.));
#2932=CARTESIAN_POINT('',(-0.031250000000001,-0.294066212782087,2.85));
#2933=CARTESIAN_POINT('',(-0.0312500000000011,-0.102819547630788,2.85));
#2934=CARTESIAN_POINT('',(-0.031250000000001,-0.294066212782087,0.5));
#2935=CARTESIAN_POINT('',(-0.031250000000001,-0.294066212782087,0.));
#2936=CARTESIAN_POINT('',(-0.0312500000000011,-0.102819547630788,0.5));
#2937=CARTESIAN_POINT('Origin',(-0.156250000000001,-0.294066212782087,0.));
#2938=CARTESIAN_POINT('',(-0.0975975975975982,-0.183680997773796,2.85));
#2939=CARTESIAN_POINT('Origin',(-0.156250000000001,-0.294066212782087,2.85));
#2940=CARTESIAN_POINT('',(-0.0975975975975982,-0.183680997773796,0.5));
#2941=CARTESIAN_POINT('',(-0.0975975975975982,-0.183680997773796,0.));
#2942=CARTESIAN_POINT('Origin',(-0.156250000000001,-0.294066212782087,0.5));
#2943=CARTESIAN_POINT('Origin',(0.,0.,0.));
#2944=CARTESIAN_POINT('Origin',(0.,0.,2.85));
#2945=CARTESIAN_POINT('Origin',(0.,0.,0.5));
#2946=CARTESIAN_POINT('Origin',(2.05,-0.15625,0.));
#2947=CARTESIAN_POINT('',(2.05,-0.0312500000000001,2.85));
#2948=CARTESIAN_POINT('Origin',(2.05,-0.15625,2.85));
#2949=CARTESIAN_POINT('',(2.05,-0.0312500000000001,0.5));
#2950=CARTESIAN_POINT('',(2.05,-0.0312500000000001,0.));
#2951=CARTESIAN_POINT('',(2.175,-0.15625,0.5));
#2952=CARTESIAN_POINT('Origin',(2.05,-0.15625,0.5));
#2953=CARTESIAN_POINT('',(2.175,-0.15625,2.725));
#2954=CARTESIAN_POINT('',(2.175,-0.15625,0.));
#2955=CARTESIAN_POINT('Origin',(2.05,-0.15625,2.725));
#2956=CARTESIAN_POINT('Origin',(0.205639095261577,-0.03125,0.));
#2957=CARTESIAN_POINT('',(0.294066212782087,-0.03125,2.85));
#2958=CARTESIAN_POINT('',(0.102819547630789,-0.03125,2.85));
#2959=CARTESIAN_POINT('',(0.294066212782087,-0.03125,0.5));
#2960=CARTESIAN_POINT('',(0.294066212782087,-0.03125,0.));
#2961=CARTESIAN_POINT('',(0.102819547630788,-0.03125,0.5));
#2962=CARTESIAN_POINT('Origin',(0.294066212782087,-0.15625,0.));
#2963=CARTESIAN_POINT('',(0.183680997773796,-0.0975975975975976,2.85));
#2964=CARTESIAN_POINT('Origin',(0.294066212782087,-0.15625,2.85));
#2965=CARTESIAN_POINT('',(0.183680997773796,-0.0975975975975976,0.5));
#2966=CARTESIAN_POINT('',(0.183680997773796,-0.0975975975975976,0.));
#2967=CARTESIAN_POINT('Origin',(0.294066212782087,-0.15625,0.5));
#2968=CARTESIAN_POINT('Origin',(0.,0.,0.));
#2969=CARTESIAN_POINT('Origin',(0.,0.,2.85));
#2970=CARTESIAN_POINT('Origin',(0.,0.,0.5));
#2971=CARTESIAN_POINT('Origin',(-2.05,0.15625,0.));
#2972=CARTESIAN_POINT('',(-2.05,0.0312500000000001,2.85));
#2973=CARTESIAN_POINT('Origin',(-2.05,0.15625,2.85));
#2974=CARTESIAN_POINT('',(-2.05,0.0312500000000001,0.5));
#2975=CARTESIAN_POINT('',(-2.05,0.0312500000000001,0.));
#2976=CARTESIAN_POINT('',(-2.175,0.15625,0.5));
#2977=CARTESIAN_POINT('Origin',(-2.05,0.15625,0.5));
#2978=CARTESIAN_POINT('',(-2.175,0.15625,2.725));
#2979=CARTESIAN_POINT('',(-2.175,0.15625,0.));
#2980=CARTESIAN_POINT('Origin',(-2.05,0.15625,2.725));
#2981=CARTESIAN_POINT('Origin',(-0.205639095261577,0.03125,0.));
#2982=CARTESIAN_POINT('',(-0.294066212782087,0.03125,2.85));
#2983=CARTESIAN_POINT('',(-0.102819547630789,0.03125,2.85));
#2984=CARTESIAN_POINT('',(-0.294066212782087,0.03125,0.5));
#2985=CARTESIAN_POINT('',(-0.294066212782087,0.03125,0.));
#2986=CARTESIAN_POINT('',(-0.102819547630789,0.03125,0.5));
#2987=CARTESIAN_POINT('Origin',(-0.294066212782087,0.15625,0.));
#2988=CARTESIAN_POINT('',(-0.183680997773796,0.0975975975975976,2.85));
#2989=CARTESIAN_POINT('Origin',(-0.294066212782087,0.15625,2.85));
#2990=CARTESIAN_POINT('',(-0.183680997773796,0.0975975975975976,0.5));
#2991=CARTESIAN_POINT('',(-0.183680997773796,0.0975975975975976,0.));
#2992=CARTESIAN_POINT('Origin',(-0.294066212782087,0.15625,0.5));
#2993=CARTESIAN_POINT('Origin',(0.,0.,0.));
#2994=CARTESIAN_POINT('Origin',(0.,0.,2.85));
#2995=CARTESIAN_POINT('Origin',(0.,0.,0.5));
#2996=CARTESIAN_POINT('Origin',(0.15625,2.05,0.));
#2997=CARTESIAN_POINT('',(0.0312500000000005,2.05,2.85));
#2998=CARTESIAN_POINT('Origin',(0.15625,2.05,2.85));
#2999=CARTESIAN_POINT('',(0.0312500000000005,2.05,0.5));
#3000=CARTESIAN_POINT('',(0.0312500000000005,2.05,0.));
#3001=CARTESIAN_POINT('',(0.15625,2.175,0.5));
#3002=CARTESIAN_POINT('Origin',(0.15625,2.05,0.5));
#3003=CARTESIAN_POINT('',(0.15625,2.175,2.725));
#3004=CARTESIAN_POINT('',(0.15625,2.175,0.));
#3005=CARTESIAN_POINT('Origin',(0.15625,2.05,2.725));
#3006=CARTESIAN_POINT('Origin',(0.031250000000001,0.205639095261577,0.));
#3007=CARTESIAN_POINT('',(0.031250000000001,0.294066212782087,2.85));
#3008=CARTESIAN_POINT('',(0.0312500000000011,0.102819547630788,2.85));
#3009=CARTESIAN_POINT('',(0.031250000000001,0.294066212782087,0.5));
#3010=CARTESIAN_POINT('',(0.031250000000001,0.294066212782087,0.));
#3011=CARTESIAN_POINT('',(0.0312500000000011,0.102819547630789,0.5));
#3012=CARTESIAN_POINT('Origin',(0.156250000000001,0.294066212782087,0.));
#3013=CARTESIAN_POINT('',(0.0975975975975983,0.183680997773796,2.85));
#3014=CARTESIAN_POINT('Origin',(0.156250000000001,0.294066212782087,2.85));
#3015=CARTESIAN_POINT('',(0.0975975975975983,0.183680997773796,0.5));
#3016=CARTESIAN_POINT('',(0.0975975975975983,0.183680997773796,0.));
#3017=CARTESIAN_POINT('Origin',(0.156250000000001,0.294066212782087,0.5));
#3018=CARTESIAN_POINT('Origin',(0.,0.,0.));
#3019=CARTESIAN_POINT('Origin',(0.,0.,2.85));
#3020=CARTESIAN_POINT('Origin',(0.,0.,0.5));
#3021=CARTESIAN_POINT('Origin',(-1.53473228520373,-1.53473228520373,2.725));
#3022=CARTESIAN_POINT('Origin',(1.53473228520373,-1.53473228520373,2.725));
#3023=CARTESIAN_POINT('',(2.175,-2.05,2.725));
#3024=CARTESIAN_POINT('',(2.175,-0.782991142601864,2.725));
#3025=CARTESIAN_POINT('',(2.05,-2.175,2.725));
#3026=CARTESIAN_POINT('Origin',(2.05,-2.05,2.725));
#3027=CARTESIAN_POINT('',(1.85486614260186,-2.175,2.725));
#3028=CARTESIAN_POINT('Origin',(1.53473228520373,1.53473228520373,2.725));
#3029=CARTESIAN_POINT('',(2.05,2.175,2.725));
#3030=CARTESIAN_POINT('',(0.782991142601865,2.175,2.725));
#3031=CARTESIAN_POINT('',(2.175,2.05,2.725));
#3032=CARTESIAN_POINT('Origin',(2.05,2.05,2.725));
#3033=CARTESIAN_POINT('',(2.175,1.85486614260186,2.725));
#3034=CARTESIAN_POINT('Origin',(-1.53473228520373,1.53473228520373,2.725));
#3035=CARTESIAN_POINT('',(-2.175,2.05,2.725));
#3036=CARTESIAN_POINT('',(-2.175,0.782991142601865,2.725));
#3037=CARTESIAN_POINT('',(-2.05,2.175,2.725));
#3038=CARTESIAN_POINT('Origin',(-2.05,2.05,2.725));
#3039=CARTESIAN_POINT('',(-1.85486614260186,2.175,2.725));
#3040=CARTESIAN_POINT('Origin',(2.175,-2.175,0.));
#3041=CARTESIAN_POINT('',(2.05,-2.175,0.5));
#3042=CARTESIAN_POINT('',(2.05,-2.175,0.));
#3043=CARTESIAN_POINT('',(1.0875,-2.175,0.5));
#3044=CARTESIAN_POINT('Origin',(2.05,-2.05,0.));
#3045=CARTESIAN_POINT('',(2.175,-2.05,0.5));
#3046=CARTESIAN_POINT('',(2.175,-2.05,0.));
#3047=CARTESIAN_POINT('Origin',(2.05,-2.05,0.5));
#3048=CARTESIAN_POINT('Origin',(2.175,-0.0312500000000001,0.));
#3049=CARTESIAN_POINT('',(2.175,-0.0156249999999998,0.5));
#3050=CARTESIAN_POINT('Origin',(2.175,2.175,0.));
#3051=CARTESIAN_POINT('',(2.175,2.05,0.5));
#3052=CARTESIAN_POINT('',(2.175,2.05,0.));
#3053=CARTESIAN_POINT('',(2.175,1.0875,0.5));
#3054=CARTESIAN_POINT('Origin',(2.05,2.05,0.));
#3055=CARTESIAN_POINT('',(2.05,2.175,0.5));
#3056=CARTESIAN_POINT('',(2.05,2.175,0.));
#3057=CARTESIAN_POINT('Origin',(2.05,2.05,0.5));
#3058=CARTESIAN_POINT('Origin',(0.0312500000000004,2.175,0.));
#3059=CARTESIAN_POINT('',(0.0156250000000001,2.175,0.5));
#3060=CARTESIAN_POINT('Origin',(-2.175,2.175,0.));
#3061=CARTESIAN_POINT('',(-2.05,2.175,0.5));
#3062=CARTESIAN_POINT('',(-2.05,2.175,0.));
#3063=CARTESIAN_POINT('',(-1.0875,2.175,0.5));
#3064=CARTESIAN_POINT('Origin',(-2.05,2.05,0.));
#3065=CARTESIAN_POINT('',(-2.175,2.05,0.5));
#3066=CARTESIAN_POINT('',(-2.175,2.05,0.));
#3067=CARTESIAN_POINT('Origin',(-2.05,2.05,0.5));
#3068=CARTESIAN_POINT('Origin',(-2.175,0.0312500000000001,0.));
#3069=CARTESIAN_POINT('',(-2.175,0.0156250000000006,0.5));
#3070=CARTESIAN_POINT('Origin',(-1.31128703695885E-16,3.55140239176354E-16,
2.85));
#3071=CARTESIAN_POINT('',(2.75,-2.5,2.85));
#3072=CARTESIAN_POINT('Origin',(2.5,-2.5,2.85));
#3073=CARTESIAN_POINT('',(2.75,2.5,2.85));
#3074=CARTESIAN_POINT('',(2.75,2.5,2.85));
#3075=CARTESIAN_POINT('',(2.5,2.75,2.85));
#3076=CARTESIAN_POINT('Origin',(2.5,2.5,2.85));
#3077=CARTESIAN_POINT('',(-2.5,2.75,2.85));
#3078=CARTESIAN_POINT('',(-2.5,2.75,2.85));
#3079=CARTESIAN_POINT('',(-2.75,2.5,2.85));
#3080=CARTESIAN_POINT('Origin',(-2.5,2.5,2.85));
#3081=CARTESIAN_POINT('',(-2.75,-2.5,2.85));
#3082=CARTESIAN_POINT('',(-2.75,-2.5,2.85));
#3083=CARTESIAN_POINT('Origin',(-2.5,-2.5,2.85));
#3084=CARTESIAN_POINT('',(0.17,2.0818995585505E-17,2.85));
#3085=CARTESIAN_POINT('Origin',(0.,0.,2.85));
#3086=CARTESIAN_POINT('',(2.5885,2.5,2.85));
#3087=CARTESIAN_POINT('Origin',(2.5,2.5,2.85));
#3088=CARTESIAN_POINT('',(-2.4115,2.5,2.85));
#3089=CARTESIAN_POINT('Origin',(-2.5,2.5,2.85));
#3090=CARTESIAN_POINT('',(-2.4115,-2.5,2.85));
#3091=CARTESIAN_POINT('Origin',(-2.5,-2.5,2.85));
#3092=CARTESIAN_POINT('',(2.5885,-2.5,2.85));
#3093=CARTESIAN_POINT('Origin',(2.5,-2.5,2.85));
#3094=CARTESIAN_POINT('Origin',(2.5,-2.5,2.814));
#3095=CARTESIAN_POINT('',(2.6565,-2.5,2.814));
#3096=CARTESIAN_POINT('Origin',(2.5,-2.5,2.814));
#3097=CARTESIAN_POINT('',(2.5885,-2.5,2.814));
#3098=CARTESIAN_POINT('Origin',(2.5,-2.5,2.814));
#3099=CARTESIAN_POINT('Origin',(2.5,-2.5,2.732));
#3100=CARTESIAN_POINT('',(2.6565,-2.5,2.732));
#3101=CARTESIAN_POINT('Origin',(2.5,-2.5,10.9338698686061));
#3102=CARTESIAN_POINT('',(2.5885,-2.5,10.9338698686061));
#3103=CARTESIAN_POINT('Origin',(-2.5,-2.5,2.814));
#3104=CARTESIAN_POINT('',(-2.3435,-2.5,2.814));
#3105=CARTESIAN_POINT('Origin',(-2.5,-2.5,2.814));
#3106=CARTESIAN_POINT('',(-2.4115,-2.5,2.814));
#3107=CARTESIAN_POINT('Origin',(-2.5,-2.5,2.814));
#3108=CARTESIAN_POINT('Origin',(-2.5,-2.5,2.732));
#3109=CARTESIAN_POINT('',(-2.3435,-2.5,2.732));
#3110=CARTESIAN_POINT('Origin',(-2.5,-2.5,10.9338698686061));
#3111=CARTESIAN_POINT('',(-2.4115,-2.5,10.9338698686061));
#3112=CARTESIAN_POINT('Origin',(-2.5,2.5,2.814));
#3113=CARTESIAN_POINT('',(-2.3435,2.5,2.814));
#3114=CARTESIAN_POINT('Origin',(-2.5,2.5,2.814));
#3115=CARTESIAN_POINT('',(-2.4115,2.5,2.814));
#3116=CARTESIAN_POINT('Origin',(-2.5,2.5,2.814));
#3117=CARTESIAN_POINT('Origin',(-2.5,2.5,2.732));
#3118=CARTESIAN_POINT('',(-2.3435,2.5,2.732));
#3119=CARTESIAN_POINT('Origin',(-2.5,2.5,10.9338698686061));
#3120=CARTESIAN_POINT('',(-2.4115,2.5,10.9338698686061));
#3121=CARTESIAN_POINT('Origin',(2.5,2.5,2.814));
#3122=CARTESIAN_POINT('',(2.6565,2.5,2.814));
#3123=CARTESIAN_POINT('Origin',(2.5,2.5,2.814));
#3124=CARTESIAN_POINT('',(2.5885,2.5,2.814));
#3125=CARTESIAN_POINT('Origin',(2.5,2.5,2.814));
#3126=CARTESIAN_POINT('Origin',(2.5,2.5,2.732));
#3127=CARTESIAN_POINT('',(2.6565,2.5,2.732));
#3128=CARTESIAN_POINT('Origin',(2.5,2.5,10.9338698686061));
#3129=CARTESIAN_POINT('',(2.5885,2.5,10.9338698686061));
#3130=CARTESIAN_POINT('Origin',(-2.15,2.15,0.));
#3131=CARTESIAN_POINT('',(-2.15,2.275,0.5));
#3132=CARTESIAN_POINT('',(-2.15,2.275,0.));
#3133=CARTESIAN_POINT('Origin',(-2.15,2.15,0.5));
#3134=CARTESIAN_POINT('Origin',(-2.15,2.275,0.));
#3135=CARTESIAN_POINT('',(2.15,2.275,0.5));
#3136=CARTESIAN_POINT('',(2.15,2.275,0.));
#3137=CARTESIAN_POINT('',(-1.075,2.275,0.5));
#3138=CARTESIAN_POINT('Origin',(2.15,2.15,0.));
#3139=CARTESIAN_POINT('',(2.275,2.15,0.5));
#3140=CARTESIAN_POINT('',(2.275,2.15,0.));
#3141=CARTESIAN_POINT('Origin',(2.15,2.15,0.5));
#3142=CARTESIAN_POINT('Origin',(2.275,2.15,0.));
#3143=CARTESIAN_POINT('',(2.275,-2.15,0.5));
#3144=CARTESIAN_POINT('',(2.275,-2.15,0.));
#3145=CARTESIAN_POINT('',(2.275,1.075,0.5));
#3146=CARTESIAN_POINT('Origin',(2.15,-2.15,0.));
#3147=CARTESIAN_POINT('Origin',(2.15,-2.15,0.5));
#3148=CARTESIAN_POINT('Origin',(2.5,-2.5,0.));
#3149=CARTESIAN_POINT('',(2.75,-2.5,0.));
#3150=CARTESIAN_POINT('Origin',(2.75,2.5,0.));
#3151=CARTESIAN_POINT('',(2.75,2.5,0.));
#3152=CARTESIAN_POINT('Origin',(2.5,2.5,0.));
#3153=CARTESIAN_POINT('',(2.5,2.75,0.));
#3154=CARTESIAN_POINT('Origin',(-2.5,2.75,0.));
#3155=CARTESIAN_POINT('',(-2.5,2.75,0.));
#3156=CARTESIAN_POINT('Origin',(0.,0.,0.));
#3157=CARTESIAN_POINT('',(0.17,2.0818995585505E-17,0.5));
#3158=CARTESIAN_POINT('Origin',(0.,0.,0.5));
#3159=CARTESIAN_POINT('',(0.17,2.0818995585505E-17,0.));
#3160=CARTESIAN_POINT('Origin',(-2.5,-2.5,0.));
#3161=CARTESIAN_POINT('',(-2.75,-2.5,0.));
#3162=CARTESIAN_POINT('Origin',(-2.75,-2.5,0.));
#3163=CARTESIAN_POINT('',(-2.75,2.5,0.));
#3164=CARTESIAN_POINT('Origin',(-2.5,2.5,0.));
#3165=CARTESIAN_POINT('Origin',(-2.34938927455127E-16,4.20704591024296E-16,
0.5));
#3166=UNCERTAINTY_MEASURE_WITH_UNIT(LENGTH_MEASURE(0.000393700787401575),
#3172,'DISTANCE_ACCURACY_VALUE',
'Maximum model space distance between geometric entities at asserted c
onnectivities');
#3167=UNCERTAINTY_MEASURE_WITH_UNIT(LENGTH_MEASURE(0.000393700787401575),
#3172,'DISTANCE_ACCURACY_VALUE',
'Maximum model space distance between geometric entities at asserted c
onnectivities');
#3168=(
GEOMETRIC_REPRESENTATION_CONTEXT(3)
GLOBAL_UNCERTAINTY_ASSIGNED_CONTEXT((#3166))
GLOBAL_UNIT_ASSIGNED_CONTEXT((#3172,#3176,#3177))
REPRESENTATION_CONTEXT('','3D')
);
#3169=(
GEOMETRIC_REPRESENTATION_CONTEXT(3)
GLOBAL_UNCERTAINTY_ASSIGNED_CONTEXT((#3167))
GLOBAL_UNIT_ASSIGNED_CONTEXT((#3172,#3176,#3177))
REPRESENTATION_CONTEXT('','3D')
);
#3170=DIMENSIONAL_EXPONENTS(1.,0.,0.,0.,0.,0.,0.);
#3171=DIMENSIONAL_EXPONENTS(0.,1.,0.,0.,0.,0.,0.);
#3172=(
CONVERSION_BASED_UNIT('inch',#3175)
LENGTH_UNIT()
NAMED_UNIT(#3170)
);
#3173=(
LENGTH_UNIT()
NAMED_UNIT(*)
SI_UNIT(.MILLI.,.METRE.)
);
#3174=(
LENGTH_UNIT()
NAMED_UNIT(*)
SI_UNIT(.CENTI.,.METRE.)
);
#3175=LENGTH_MEASURE_WITH_UNIT(LENGTH_MEASURE(25.4),#3173);
#3176=(
NAMED_UNIT(*)
PLANE_ANGLE_UNIT()
SI_UNIT($,.RADIAN.)
);
#3177=(
NAMED_UNIT(*)
SI_UNIT($,.STERADIAN.)
SOLID_ANGLE_UNIT()
);
#3178=SHAPE_DEFINITION_REPRESENTATION(#3179,#3180);
#3179=PRODUCT_DEFINITION_SHAPE('',$,#3182);
#3180=SHAPE_REPRESENTATION('',(#1856),#3168);
#3181=PRODUCT_DEFINITION_CONTEXT('part definition',#3186,'design');
#3182=PRODUCT_DEFINITION('J005342','LIGHT SEPARATOR VC',#3183,#3181);
#3183=PRODUCT_DEFINITION_FORMATION('-.1',$,#3188);
#3184=PRODUCT_RELATED_PRODUCT_CATEGORY('LIGHT SEPARATOR VC',
'LIGHT SEPARATOR VC',(#3188));
#3185=APPLICATION_PROTOCOL_DEFINITION('international standard',
'automotive_design',2009,#3186);
#3186=APPLICATION_CONTEXT(
'Core Data for Automotive Mechanical Design Process');
#3187=PRODUCT_CONTEXT('part definition',#3186,'mechanical');
#3188=PRODUCT('J005342','LIGHT SEPARATOR VC','LIGHT SEPARATOR',(#3187));
#3189=PRESENTATION_STYLE_ASSIGNMENT((#3190));
#3190=SURFACE_STYLE_USAGE(.BOTH.,#3193);
#3191=SURFACE_STYLE_RENDERING_WITH_PROPERTIES($,#3197,(#3192));
#3192=SURFACE_STYLE_TRANSPARENT(0.);
#3193=SURFACE_SIDE_STYLE('',(#3194,#3191));
#3194=SURFACE_STYLE_FILL_AREA(#3195);
#3195=FILL_AREA_STYLE('',(#3196));
#3196=FILL_AREA_STYLE_COLOUR('',#3197);
#3197=COLOUR_RGB('',0.356862745098039,0.380392156862745,0.415686274509804);
ENDSEC;
END-ISO-10303-21;
